bait,bait_uniprot,prey_gene,prey_uniprot,miscore
E,P0DTC4,AP3B1,O00203,0.53
E,P0DTC4,BRD4,O60885,0.53
E,P0DTC4,BRD2,P25440,0.53
E,P0DTC4,CWC27,Q6UX04,0.53
E,P0DTC4,ZC3H18,Q86VM9,0.66
E,P0DTC4,SLC44A2,Q8IWA5,0.53
Nsp1,P0DTD1,COLGALT1,Q8NBJ5,0.53
Nsp1,P0DTD1,PKP2,Q99959,0.66
Nsp1,P0DTD1,POLA1,P09884,0.67
Nsp1,P0DTD1,PRIM1,P49642,0.64
Nsp1,P0DTD1,PRIM2,P49643,0.64
Nsp1,P0DTD1,POLA2,Q14181,0.76
N,P0DTC9,RRP9,O43818,0.53
N,P0DTC9,PABPC1,P11940,0.80
N,P0DTC9,CSNK2A2,P19784,0.53
N,P0DTC9,CSNK2B,P67870,0.64
N,P0DTC9,G3BP1,Q13283,0.98
N,P0DTC9,PABPC4,Q13310,0.73
N,P0DTC9,LARP1,Q6PKG0,0.79
N,P0DTC9,FAM98A,Q8NCA5,0.73
N,P0DTC9,SNIP1,Q8TAD8,0.64
N,P0DTC9,UPF1,Q92900,0.64
N,P0DTC9,MOV10,Q9HCE1,0.91
N,P0DTC9,G3BP2,Q9UN86,0.97
N,P0DTC9,DDX21,Q9NR30,0.87
N,P0DTC9,RBM28,Q9NW13,0.73
N,P0DTC9,RPL36,Q9Y3U8,0.64
Nsp10,P0DTD1,AP2A2,O94973,0.66
Nsp10,P0DTD1,GFER,P55789,0.66
Nsp10,P0DTD1,ERGIC1,Q969X5,0.53
Nsp10,P0DTD1,AP2M1,Q96CW1,0.53
Nsp10,P0DTD1,GRPEL1,Q9HAV7,0.53
Nsp11,P0DTC1,TBCA,O75347,0.59
M,P0DTC5,PMPCB,O75439,0.64
M,P0DTC5,YIF1A,O95070,0.53
M,P0DTC5,ATP1B1,P05026,0.64
M,P0DTC5,ACADM,P11310,0.53
M,P0DTC5,ETFA,P13804,0.53
M,P0DTC5,STOM,P27105,0.53
M,P0DTC5,GGCX,P38435,0.53
M,P0DTC5,ATP6V1A,P38606,0.53
M,P0DTC5,PSMD8,P48556,0.53
M,P0DTC5,REEP5,Q00765,0.64
M,P0DTC5,PMPCA,Q10713,0.53
M,P0DTC5,ANO6,Q4KMQ2,0.53
M,P0DTC5,PITRM1,Q5JRX3,0.64
M,P0DTC5,SLC30A9,Q6PML9,0.53
M,P0DTC5,FASTKD5,Q7L8L6,0.53
M,P0DTC5,SLC30A7,Q8NEW0,0.53
M,P0DTC5,TUBGCP3,Q96CW5,0.53
M,P0DTC5,COQ8B,Q96D53,0.64
M,P0DTC5,SAAL1,Q96ER3,0.53
M,P0DTC5,REEP6,Q96HR9,0.53
M,P0DTC5,INTS4,Q96HW7,0.64
M,P0DTC5,SLC25A21,Q9BQT8,0.53
M,P0DTC5,TUBGCP2,Q9BSJ2,0.53
M,P0DTC5,TARS2,Q9BW92,0.53
M,P0DTC5,RTN4,Q9NQC3,0.64
M,P0DTC5,FAM8A1,Q9UBU6,0.53
M,P0DTC5,AASS,Q9UDR5,0.53
M,P0DTC5,AKAP8L,Q9ULX6,0.53
M,P0DTC5,AAR2,Q9Y312,0.53
M,P0DTC5,BZW2,Q9Y6E2,0.53
Spike,P0DTC2,GOLGA7,Q7Z5G4,0.82
Spike,P0DTC2,ZDHHC5,Q9C0B5,0.86
Nsp12,P0DTD1,SBNO1,A3KN83,0.53
Nsp12,P0DTD1,BCKDK,O14874,0.53
Nsp12,P0DTD1,AKAP8,O43823,0.53
Nsp12,P0DTD1,MYCBP2,O75592,0.53
Nsp12,P0DTD1,SLU7,O95391,0.53
Nsp12,P0DTD1,RIPK1,Q13546,0.79
Nsp12,P0DTD1,UBAP2L,Q14157,0.66
Nsp12,P0DTD1,TYSND1,Q2T9J0,0.53
Nsp12,P0DTD1,PDZD11,Q5EBL8,0.53
Nsp12,P0DTD1,PRRC2B,Q5JSZ5,0.53
Nsp12,P0DTD1,UBAP2,Q5T6F2,0.53
Nsp12,P0DTD1,ZNF318,Q5VUA4,0.53
Nsp12,P0DTD1,CRTC3,Q6UUV7,0.53
Nsp12,P0DTD1,USP54,Q70EL1,0.66
Nsp12,P0DTD1,ZC3H7A,Q8IWR0,0.53
Nsp12,P0DTD1,LARP4B,Q92615,0.53
Nsp12,P0DTD1,RBM41,Q96IZ5,0.66
Nsp12,P0DTD1,TCF12,Q99081,0.66
Nsp12,P0DTD1,PPIL3,Q9H2H8,0.53
Nsp12,P0DTD1,PLEKHA5,Q9HAU0,0.66
Nsp13,P0DTD1,TBKBP1,A7MCY6,0.53
Nsp13,P0DTD1,CIT,O14578,0.53
Nsp13,P0DTD1,HSBP1,O75506,0.53
Nsp13,P0DTD1,PCNT,O95613,0.53
Nsp13,P0DTD1,CEP43,O95684,0.53
Nsp13,P0DTD1,PRKAR2A,P13861,0.53
Nsp13,P0DTD1,PRKACA,P17612,0.53
Nsp13,P0DTD1,PRKAR2B,P31323,0.53
Nsp13,P0DTD1,RDX,P35241,0.66
Nsp13,P0DTD1,CENPF,P49454,0.53
Nsp13,P0DTD1,TLE1,Q04724,0.53
Nsp13,P0DTD1,TLE3,Q04726,0.53
Nsp13,P0DTD1,TLE5,Q08117,0.53
Nsp13,P0DTD1,GOLGA3,Q08378,0.53
Nsp13,P0DTD1,GOLGA2,Q08379,0.66
Nsp13,P0DTD1,GOLGB1,Q14789,0.53
Nsp13,P0DTD1,GRIPAP1,Q4V328,0.53
Nsp13,P0DTD1,CEP350,Q5VT06,0.53
Nsp13,P0DTD1,PDE4DIP,Q5VU43,0.66
Nsp13,P0DTD1,CEP135,Q66GS9,0.53
Nsp13,P0DTD1,CEP68,Q76N32,0.53
Nsp13,P0DTD1,CNTRL,Q7Z7A1,0.53
Nsp13,P0DTD1,ERC1,Q8IUD2,0.53
Nsp13,P0DTD1,GCC2,Q8IWJ2,0.53
Nsp13,P0DTD1,CLIP4,Q8N3C7,0.66
Nsp13,P0DTD1,NIN,Q8N4C6,0.53
Nsp13,P0DTD1,CEP112,Q8N8E3,0.53
Nsp13,P0DTD1,MIPOL1,Q8TD10,0.53
Nsp13,P0DTD1,USP13,Q92995,0.67
Nsp13,P0DTD1,GCC1,Q96CN9,0.53
Nsp13,P0DTD1,JAKMIP1,Q96N16,0.66
Nsp13,P0DTD1,CDK5RAP2,Q96SN8,0.53
Nsp13,P0DTD1,AKAP9,Q99996,0.66
Nsp13,P0DTD1,GORASP1,Q9BQQ3,0.66
Nsp13,P0DTD1,FYCO1,Q9BQS8,0.66
Nsp13,P0DTD1,C1orf50,Q9BV19,0.53
Nsp13,P0DTD1,CEP250,Q9BV73,0.53
Nsp13,P0DTD1,TBK1,Q9UHD2,0.82
Nsp13,P0DTD1,HOOK1,Q9UJC3,0.53
Nsp13,P0DTD1,NINL,Q9Y2I6,0.53
Nsp2,P0DTD1,SLC27A2,O14975,0.53
Nsp2,P0DTD1,EIF4E2,O60573,0.53
Nsp2,P0DTD1,POR,P16435,0.53
Nsp2,P0DTD1,RAP1GDS1,P52306,0.84
Nsp2,P0DTD1,WASHC4,Q2M389,0.66
Nsp2,P0DTD1,FKBP15,Q5T1M5,0.64
Nsp2,P0DTD1,GIGYF2,Q6Y7W6,0.64
Nsp4,P0DTD1,IDE,P14735,0.53
Nsp4,P0DTD1,TIMM10,P62072,0.53
Nsp4,P0DTD1,ALG11,Q2TAA5,0.53
Nsp4,P0DTD1,NUP210,Q8TEM1,0.53
Nsp4,P0DTD1,TIMM29,Q9BSF4,0.53
Nsp4,P0DTD1,DNAJC11,Q9NVH1,0.53
Nsp4,P0DTD1,TIMM10B,Q9Y5J6,0.53
Nsp4,P0DTD1,TIMM9,Q9Y5J7,0.53
Nsp15,P0DTD1,NUTF2,P61970,0.53
Nsp15,P0DTD1,ARF6,P62330,0.66
Nsp15,P0DTD1,RNF41,Q9H4P4,0.53
Nsp5,P0DTD1,GPX1,P07203,0.66
Nsp5,P0DTD1,TRMT1,Q9NXH9,0.53
Nsp7,P0DTD1,AGPS,O00116,0.53
Nsp7,P0DTD1,CYB5B,O43169,0.53
Nsp7,P0DTD1,ACSL3,O95573,0.53
Nsp7,P0DTD1,CYB5R3,P00387,0.53
Nsp7,P0DTD1,RALA,P11233,0.53
Nsp7,P0DTD1,COMT,P21964,0.53
Nsp7,P0DTD1,RAB5C,P51148,0.53
Nsp7,P0DTD1,RAB7A,P51149,0.53
Nsp7,P0DTD1,RAB8A,P61006,0.66
Nsp7,P0DTD1,RAB2A,P61019,0.53
Nsp7,P0DTD1,RAB10,P61026,0.53
Nsp7,P0DTD1,RAB14,P61106,0.53
Nsp7,P0DTD1,RHOA,P61586,0.53
Nsp7,P0DTD1,RAB1A,P62820,0.53
Nsp7,P0DTD1,GNB1,P62873,0.53
Nsp7,P0DTD1,GNG5,P63218,0.53
Nsp7,P0DTD1,LMAN2,Q12907,0.53
Nsp7,P0DTD1,MOGS,Q13724,0.53
Nsp7,P0DTD1,TOR1AIP1,Q5JTV8,0.53
Nsp7,P0DTD1,MTARC1,Q5VT66,0.53
Nsp7,P0DTD1,QSOX2,Q6ZRP7,0.53
Nsp7,P0DTD1,HS2ST1,Q7LGA3,0.53
Nsp7,P0DTD1,NDUFAF2,Q8N183,0.53
Nsp7,P0DTD1,SCCPDH,Q8NBX0,0.53
Nsp7,P0DTD1,SCARB1,Q8WTV0,0.66
Nsp7,P0DTD1,NAT14,Q8WUY8,0.53
Nsp7,P0DTD1,DCAKD,Q8WVC6,0.53
Nsp7,P0DTD1,FAM162A,Q96A26,0.53
Nsp7,P0DTD1,DNAJC19,Q96DA6,0.53
Nsp7,P0DTD1,SELENOS,Q9BQE4,0.66
Nsp7,P0DTD1,PTGES2,Q9H7Z7,0.66
Nsp7,P0DTD1,RAB18,Q9NP72,0.53
Nsp5,P0DTD1,HDAC2,Q92769,0.59
Nsp6,P0DTD1,ATP5MG,O75964,0.53
Nsp6,P0DTD1,ATP6AP1,Q15904,0.83
Nsp6,P0DTD1,SIGMAR1,Q99720,0.79
Nsp6,P0DTD1,ATP13A3,Q9H7F0,0.73
Nsp14,P0DTD1,GLA,P06280,0.53
Nsp14,P0DTD1,IMPDH2,P12268,0.53
Nsp14,P0DTD1,SIRT5,Q9NXA8,0.64
Orf3a,P0DTC3,HMOX1,P09601,0.74
Orf3a,P0DTC3,TRIM59,Q8IWR1,0.64
Orf3a,P0DTC3,ARL6IP6,Q8N6S5,0.64
Orf3a,P0DTC3,VPS39,Q96JC1,0.96
Orf3a,P0DTC3,CLCC1,Q96S66,0.87
Orf3a,P0DTC3,VPS11,Q9H270,0.82
Orf3a,P0DTC3,SUN2,Q9UH99,0.66
Orf3a,P0DTC3,ALG5,Q9Y673,0.74
Orf3b,intact:EBI-25475912,STOML2,Q9UJZ1,0.59
Orf7a,P0DTC7,HEATR3,Q7Z4Q2,0.53
Orf7a,P0DTC7,MDN1,Q9NU22,0.64
Orf6,P0DTC6,NUP98,P52948,0.91
Orf6,P0DTC6,RAE1,P78406,0.93
Orf6,P0DTC6,MTCH1,Q9NZJ7,0.53
Nsp9,P0DTD1,GTF2F2,P13984,0.73
Nsp9,P0DTD1,FBN1,P35555,0.53
Nsp9,P0DTD1,FBN2,P35556,0.53
Nsp9,P0DTD1,NUP214,P35658,0.53
Nsp9,P0DTD1,NUP62,P37198,0.53
Nsp9,P0DTD1,DCAF7,P61962,0.53
Nsp9,P0DTD1,EIF4H,Q15056,0.64
Nsp9,P0DTD1,NUP54,Q7Z3B4,0.66
Nsp9,P0DTD1,MIB1,Q86YT6,0.75
Nsp9,P0DTD1,SPART,Q8N0X7,0.64
Nsp9,P0DTD1,NEK9,Q8TD19,0.64
Nsp9,P0DTD1,ZNF503,Q96F45,0.66
Nsp9,P0DTD1,NUP88,Q99567,0.53
Nsp9,P0DTD1,NUP58,Q9BVL2,0.53
Nsp9,P0DTD1,MAT2B,Q9NZL9,0.66
Nsp9,P0DTD1,FBLN5,Q9UBX5,0.53
Orf10,A0A663DJA2,PPT1,P50897,0.53
Orf10,A0A663DJA2,CUL2,Q13617,0.64
Orf10,A0A663DJA2,MAP7D1,Q3KQU3,0.53
Orf10,A0A663DJA2,THTPA,Q9BU02,0.53
Orf10,A0A663DJA2,ZYG11B,Q9C0D3,0.64
Orf10,A0A663DJA2,TIMM8B,Q9Y5J9,0.53
Orf10,A0A663DJA2,RBX1,P62877,0.53
Orf10,A0A663DJA2,ELOC,Q15369,0.74
Orf10,A0A663DJA2,ELOB,Q15370,0.64
Nsp8,P0DTD1,MPHOSPH10,O00566,0.66
Nsp8,P0DTD1,SRP72,O76094,0.53
Nsp8,P0DTD1,ATE1,O95260,0.64
Nsp8,P0DTD1,NSD2,O96028,0.53
Nsp8,P0DTD1,SRP19,P09132,0.53
Nsp8,P0DTD1,SRP54,P61011,0.53
Nsp8,P0DTD1,MRPS25,P82663,0.53
Nsp8,P0DTD1,DDX10,Q13206,0.53
Nsp8,P0DTD1,LARP7,Q4G0J3,0.53
Nsp8,P0DTD1,MEPCE,Q7L2J0,0.53
Nsp8,P0DTD1,NGDN,Q8NEJ9,0.53
Nsp8,P0DTD1,EXOSC8,Q96B26,0.53
Nsp8,P0DTD1,NARS2,Q96I59,0.53
Nsp8,P0DTD1,NOL10,Q9BSC4,0.53
Nsp8,P0DTD1,CCDC86,Q9H6F5,0.53
Nsp8,P0DTD1,SEPSECS,Q9HD40,0.53
Nsp8,P0DTD1,EXOSC5,Q9NQT4,0.53
Nsp8,P0DTD1,EXOSC3,Q9NQT5,0.53
Nsp8,P0DTD1,AATF,Q9NY61,0.53
Nsp8,P0DTD1,HECTD1,Q9ULT8,0.64
Nsp8,P0DTD1,MRPS2,Q9Y399,0.53
Nsp8,P0DTD1,MRPS5,P82675,0.53
Nsp8,P0DTD1,EXOSC2,Q13868,0.53
Nsp8,P0DTD1,MRPS27,Q92552,0.53
Orf9c,P0DTD3,UBXN8,O00124,0.53
Orf9c,P0DTD3,GPAA1,O43292,0.53
Orf9c,P0DTD3,WFS1,O76024,0.53
Orf9c,P0DTD3,ABCC1,P33527,0.53
Orf9c,P0DTD3,F2RL1,P55085,0.53
Orf9c,P0DTD3,SCAP,Q12770,0.53
Orf9c,P0DTD3,DPY19L1,Q2PZI1,0.53
Orf9c,P0DTD3,TMEM97,Q5BJF2,0.53
Orf9c,P0DTD3,SLC30A6,Q6NXT4,0.53
Orf9c,P0DTD3,TAPT1,Q6NXT6,0.53
Orf9c,P0DTD3,ERMP1,Q7Z2K6,0.53
Orf9c,P0DTD3,NLRX1,Q86UT6,0.53
Orf9c,P0DTD3,RETREG3,Q86VR2,0.66
Orf9c,P0DTD3,PIGO,Q8TEQ8,0.53
Orf9c,P0DTD3,FAR2,Q96K12,0.53
Orf9c,P0DTD3,ECSIT,Q9BQ95,0.53
Orf9c,P0DTD3,ALG8,Q9BVK2,0.53
Orf9c,P0DTD3,TMEM39B,Q9GZU3,0.53
Orf9c,P0DTD3,GHITM,Q9H3K2,0.66
Orf9c,P0DTD3,ACAD9,Q9H845,0.53
Orf9c,P0DTD3,NDFIP2,Q9NV92,0.53
Orf9c,P0DTD3,BCS1L,Q9Y276,0.53
Orf9c,P0DTD3,NDUFAF1,Q9Y375,0.53
Orf9c,P0DTD3,TMED5,Q9Y3A6,0.53
Orf9c,P0DTD3,NDUFB9,Q9Y6M9,0.53
Orf9c,P0DTD3,PIGS,Q96S52,0.53
Orf9b,P0DTD2,NHERF1,O14745,0.53
Orf9b,P0DTD2,CHMP2A,O43633,0.53
Orf9b,P0DTD2,CSDE1,O75534,0.53
Orf9b,P0DTD2,TOMM70,O94826,0.98
Orf9b,P0DTD2,MARK3,P27448,0.53
Orf9b,P0DTD2,MARK2,Q7KZI7,0.53
Orf9b,P0DTD2,DPH5,Q9H2P9,0.53
Orf9b,P0DTD2,DCTPP1,Q9H773,0.53
Orf9b,P0DTD2,MARK1,Q9P0L2,0.53
Orf9b,P0DTD2,PTBP2,Q9UKA9,0.53
Orf9b,P0DTD2,BAG5,Q9UL15,0.53
Orf8,P0DTC8,PLOD2,O00469,0.53
Orf8,P0DTC8,TOR1A,O14656,0.53
Orf8,P0DTC8,STC2,O76061,0.53
Orf8,P0DTC8,PLAT,P00750,0.53
Orf8,P0DTC8,ITGB1,P05556,0.64
Orf8,P0DTC8,CISD3,P0C7P0,0.53
Orf8,P0DTC8,COL6A1,P12109,0.53
Orf8,P0DTC8,PVR,P15151,0.53
Orf8,P0DTC8,DNMT1,P26358,0.53
Orf8,P0DTC8,LOX,P28300,0.53
Orf8,P0DTC8,PCSK6,P29122,0.53
Orf8,P0DTC8,INHBE,P58166,0.53
Orf8,P0DTC8,NPC2,P61916,0.53
Orf8,P0DTC8,MFGE8,Q08431,0.53
Orf8,P0DTC8,OS9,Q13438,0.53
Orf8,P0DTC8,NPTX1,Q15818,0.71
Orf8,P0DTC8,POGLUT2,Q6UW63,0.53
Orf8,P0DTC8,POGLUT3,Q7Z4H8,0.53
Orf8,P0DTC8,ERO1B,Q86YB8,0.53
Orf8,P0DTC8,PLD3,Q8IV08,0.53
Orf8,P0DTC8,FOXRED2,Q8IWF2,0.53
Orf8,P0DTC8,CHPF,Q8IZ52,0.53
Orf8,P0DTC8,PUSL1,Q8N0Z8,0.53
Orf8,P0DTC8,EMC1,Q8N766,0.66
Orf8,P0DTC8,GGH,Q92820,0.64
Orf8,P0DTC8,ERLEC1,Q96DZ1,0.53
Orf8,P0DTC8,IL17RA,Q96F46,0.62
Orf8,P0DTC8,NGLY1,Q96IV0,0.53
Orf8,P0DTC8,HS6ST2,Q96MM7,0.53
Orf8,P0DTC8,SDF2,Q99470,0.53
Orf8,P0DTC8,NEU1,Q99519,0.53
Orf8,P0DTC8,GDF15,Q99988,0.53
Orf8,P0DTC8,TM2D3,Q9BRN9,0.53
Orf8,P0DTC8,ERP44,Q9BS26,0.64
Orf8,P0DTC8,EDEM3,Q9BZQ6,0.53
Orf8,P0DTC8,SIL1,Q9H173,0.53
Orf8,P0DTC8,POFUT1,Q9H488,0.53
Orf8,P0DTC8,SMOC1,Q9H4F8,0.53
Orf8,P0DTC8,PLEKHF2,Q9H8W4,0.53
Orf8,P0DTC8,FBXL12,Q9NXK8,0.53
Orf8,P0DTC8,UGGT2,Q9NYU1,0.64
Orf8,P0DTC8,CHPF2,Q9P2E5,0.53
Orf8,P0DTC8,ADAMTS1,Q9UHI8,0.66
Orf8,P0DTC8,HYOU1,Q9Y4L1,0.64
Orf8,P0DTC8,FKBP7,Q9Y680,0.53
Orf8,P0DTC8,ADAM9,Q13443,0.53
Orf8,P0DTC8,FKBP10,Q96AY3,0.53
