strain,viral_protein,human_gene,viral_uniprot,human_uniprot,viral_desc
MERS-CoV,E,ATL3,K9N5R3,Q6DD88,Envelope small membrane protein
MERS-CoV,E,ATP6AP2,K9N5R3,O75787,Envelope small membrane protein
MERS-CoV,E,B4GAT1,K9N5R3,O43505,Envelope small membrane protein
MERS-CoV,E,BRI3BP,K9N5R3,Q8WY22,Envelope small membrane protein
MERS-CoV,E,CHPF,K9N5R3,Q8IZ52,Envelope small membrane protein
MERS-CoV,E,DCP1A,K9N5R3,Q9NPI6,Envelope small membrane protein
MERS-CoV,E,DNAJB9,K9N5R3,Q9UBS3,Envelope small membrane protein
MERS-CoV,E,IGHG4,K9N5R3,P01861,Envelope small membrane protein
MERS-CoV,E,SCFD1,K9N5R3,Q8WVM8,Envelope small membrane protein
MERS-CoV,E,Sptlc2,K9N5R3,O15270,Envelope small membrane protein
MERS-CoV,E,TMEM43,K9N5R3,Q9BTV4,Envelope small membrane protein
MERS-CoV,E,TNPO3,K9N5R3,Q9Y5L0,Envelope small membrane protein
MERS-CoV,E,WLS,K9N5R3,Q5T9L3,Envelope small membrane protein
MERS-CoV,M,CDS2,K9N7A1,O95674,Membrane protein
MERS-CoV,M,DIPK2A,K9N7A1,Q8NDZ4,Membrane protein
MERS-CoV,M,FANCI,K9N7A1,Q9NVI1,Membrane protein
MERS-CoV,M,FUT8,K9N7A1,Q9BYC5,Membrane protein
MERS-CoV,M,GCN1,K9N7A1,Q92616,Membrane protein
MERS-CoV,M,HEATR1,K9N7A1,Q9H583,Membrane protein
MERS-CoV,M,IPO11,K9N7A1,Q9UI26,Membrane protein
MERS-CoV,M,LMAN2L,K9N7A1,Q9H0V9,Membrane protein
MERS-CoV,M,LMBRD2,K9N7A1,Q68DH5,Membrane protein
MERS-CoV,M,LTN1,K9N7A1,O94822,Membrane protein
MERS-CoV,M,MARCHF5,K9N7A1,Q9NX47,Membrane protein
MERS-CoV,M,NUP210,K9N7A1,Q8TEM1,Membrane protein
MERS-CoV,M,TELO2,K9N7A1,Q9Y4R8,Membrane protein
MERS-CoV,M,TTC27,K9N7A1,Q6P3X3,Membrane protein
MERS-CoV,M,TUBGCP2,K9N7A1,Q9BSJ2,Membrane protein
MERS-CoV,M,VAMP8,K9N7A1,Q9BV40,Membrane protein
MERS-CoV,M,YIPF6,K9N7A1,Q96EC8,Membrane protein
MERS-CoV,MERS-ORF3,CNPY4,K9N796,Q8N129,Non-structural protein ORF3
MERS-CoV,MERS-ORF3,KEAP1,K9N796,Q14145,Non-structural protein ORF3
MERS-CoV,MERS-ORF3,MAPK1,K9N796,P28482,Non-structural protein ORF3
MERS-CoV,MERS-ORF3,MAPK3,K9N796,P27361,Non-structural protein ORF3
MERS-CoV,MERS-ORF3,NME1,K9N796,P15531,Non-structural protein ORF3
MERS-CoV,MERS-ORF3,RAD23B,K9N796,P54727,Non-structural protein ORF3
MERS-CoV,MERS-ORF3,RNH1,K9N796,P13489,Non-structural protein ORF3
MERS-CoV,MERS-ORF3,SAE1,K9N796,Q9UBE0,Non-structural protein ORF3
MERS-CoV,MERS-ORF3,TPP2,K9N796,P29144,Non-structural protein ORF3
MERS-CoV,MERS-ORF3,XPNPEP3,K9N796,Q9NQH7,Non-structural protein ORF3
MERS-CoV,MERS-ORF4a,AKAP17A,K9N4V0,Q02040,Non-structural protein ORF4a
MERS-CoV,MERS-ORF4a,ALDH9A1,K9N4V0,P49189,Non-structural protein ORF4a
MERS-CoV,MERS-ORF4a,CBX8,K9N4V0,Q9HC52,Non-structural protein ORF4a
MERS-CoV,MERS-ORF4a,CCDC86,K9N4V0,Q9H6F5,Non-structural protein ORF4a
MERS-CoV,MERS-ORF4a,DAP3,K9N4V0,P51398,Non-structural protein ORF4a
MERS-CoV,MERS-ORF4a,DHX37,K9N4V0,Q8IY37,Non-structural protein ORF4a
MERS-CoV,MERS-ORF4a,DICER1,K9N4V0,Q9UPY3,Non-structural protein ORF4a
MERS-CoV,MERS-ORF4a,IGHMBP2,K9N4V0,P38935,Non-structural protein ORF4a
MERS-CoV,MERS-ORF4a,IMP4,K9N4V0,Q96G21,Non-structural protein ORF4a
MERS-CoV,MERS-ORF4a,LARP7,K9N4V0,Q4G0J3,Non-structural protein ORF4a
MERS-CoV,MERS-ORF4a,MARK2,K9N4V0,Q7KZI7,Non-structural protein ORF4a
MERS-CoV,MERS-ORF4a,MEPCE,K9N4V0,Q7L2J0,Non-structural protein ORF4a
MERS-CoV,MERS-ORF4a,METTL16,K9N4V0,Q86W50,Non-structural protein ORF4a
MERS-CoV,MERS-ORF4a,MPHOSPH10,K9N4V0,O00566,Non-structural protein ORF4a
MERS-CoV,MERS-ORF4a,MRPL11,K9N4V0,Q9Y3B7,Non-structural protein ORF4a
MERS-CoV,MERS-ORF4a,MRPL15,K9N4V0,Q9P015,Non-structural protein ORF4a
MERS-CoV,MERS-ORF4a,MRPS15,K9N4V0,P82914,Non-structural protein ORF4a
MERS-CoV,MERS-ORF4a,MRPS2,K9N4V0,Q9Y399,Non-structural protein ORF4a
MERS-CoV,MERS-ORF4a,MRPS24,K9N4V0,Q96EL2,Non-structural protein ORF4a
MERS-CoV,MERS-ORF4a,MRPS25,K9N4V0,P82663,Non-structural protein ORF4a
MERS-CoV,MERS-ORF4a,MRPS27,K9N4V0,Q92552,Non-structural protein ORF4a
MERS-CoV,MERS-ORF4a,MRPS28,K9N4V0,Q9Y2Q9,Non-structural protein ORF4a
MERS-CoV,MERS-ORF4a,MRPS33,K9N4V0,Q9Y291,Non-structural protein ORF4a
MERS-CoV,MERS-ORF4a,MRPS5,K9N4V0,P82675,Non-structural protein ORF4a
MERS-CoV,MERS-ORF4a,MRPS9,K9N4V0,P82933,Non-structural protein ORF4a
MERS-CoV,MERS-ORF4a,Map9,K9N4V0,Q49MG5,Non-structural protein ORF4a
MERS-CoV,MERS-ORF4a,PRKRA,K9N4V0,O75569,Non-structural protein ORF4a
MERS-CoV,MERS-ORF4a,QTRT1,K9N4V0,Q9BXR0,Non-structural protein ORF4a
MERS-CoV,MERS-ORF4a,RBMS2,K9N4V0,Q15434,Non-structural protein ORF4a
MERS-CoV,MERS-ORF4a,RRP36,K9N4V0,Q96EU6,Non-structural protein ORF4a
MERS-CoV,MERS-ORF4a,RRP9,K9N4V0,O43818,Non-structural protein ORF4a
MERS-CoV,MERS-ORF4a,RSL24D1,K9N4V0,Q9UHA3,Non-structural protein ORF4a
MERS-CoV,MERS-ORF4a,RTKN,K9N4V0,Q9BST9,Non-structural protein ORF4a
MERS-CoV,MERS-ORF4a,SPATS2,K9N4V0,Q86XZ4,Non-structural protein ORF4a
MERS-CoV,MERS-ORF4a,SPTY2D1,K9N4V0,Q68D10,Non-structural protein ORF4a
MERS-CoV,MERS-ORF4a,SRP19,K9N4V0,P09132,Non-structural protein ORF4a
MERS-CoV,MERS-ORF4a,SRP54,K9N4V0,P61011,Non-structural protein ORF4a
MERS-CoV,MERS-ORF4a,SRP72,K9N4V0,O76094,Non-structural protein ORF4a
MERS-CoV,MERS-ORF4a,TGS1,K9N4V0,Q96RS0,Non-structural protein ORF4a
MERS-CoV,MERS-ORF4a,TRMT2A,K9N4V0,Q8IZ69,Non-structural protein ORF4a
MERS-CoV,MERS-ORF4a,TUT7,K9N4V0,Q5VYS8,Non-structural protein ORF4a
MERS-CoV,MERS-ORF4a,UTP11,K9N4V0,Q9Y3A2,Non-structural protein ORF4a
MERS-CoV,MERS-ORF4a,YTHDC2,K9N4V0,Q9H6S0,Non-structural protein ORF4a
MERS-CoV,MERS-ORF4a,ZCCHC9,K9N4V0,Q8N567,Non-structural protein ORF4a
MERS-CoV,MERS-ORF4a,ZFR,K9N4V0,Q96KR1,Non-structural protein ORF4a
MERS-CoV,MERS-ORF4a,ZNF346,K9N4V0,Q9UL40,Non-structural protein ORF4a
MERS-CoV,MERS-ORF4a,ZNF691,K9N4V0,Q5VV52,Non-structural protein ORF4a
MERS-CoV,MERS-ORF4a,Znf787,K9N4V0,Q6DD87,Non-structural protein ORF4a
MERS-CoV,MERS-ORF4b,C1QBP,K9N643,Q07021,Non-structural protein ORF4b
MERS-CoV,MERS-ORF4b,KPNA1,K9N643,P52294,Non-structural protein ORF4b
MERS-CoV,MERS-ORF4b,KPNA2,K9N643,P52292,Non-structural protein ORF4b
MERS-CoV,MERS-ORF4b,KPNA3,K9N643,O00505,Non-structural protein ORF4b
MERS-CoV,MERS-ORF4b,KPNA4,K9N643,O00629,Non-structural protein ORF4b
MERS-CoV,MERS-ORF4b,KPNA5,K9N643,O15131,Non-structural protein ORF4b
MERS-CoV,MERS-ORF4b,KPNA6,K9N643,O60684,Non-structural protein ORF4b
MERS-CoV,MERS-ORF4b,MAN2B2,K9N643,Q9Y2E5,Non-structural protein ORF4b
MERS-CoV,MERS-ORF4b,NUP153,K9N643,P49790,Non-structural protein ORF4b
MERS-CoV,MERS-ORF4b,NUP50,K9N643,Q9UKX7,Non-structural protein ORF4b
MERS-CoV,MERS-ORF4b,RNASEH1,K9N643,O60930,Non-structural protein ORF4b
MERS-CoV,MERS-ORF4b,USP7,K9N643,Q93009,Non-structural protein ORF4b
MERS-CoV,MERS-ORF5,BAG6,K9N7D2,P46379,Non-structural protein ORF5
MERS-CoV,MERS-ORF5,CLCC1,K9N7D2,Q96S66,Non-structural protein ORF5
MERS-CoV,MERS-ORF5,ENTREP3,K9N7D2,P81408,Non-structural protein ORF5
MERS-CoV,MERS-ORF5,TFRC,K9N7D2,P02786,Non-structural protein ORF5
MERS-CoV,MERS-ORF5,UBL4A,K9N7D2,P11441,Non-structural protein ORF5
MERS-CoV,N,CSNK2A1,K9N4V7,P68400,Nucleoprotein
MERS-CoV,N,CSNK2A2,K9N4V7,P19784,Nucleoprotein
MERS-CoV,N,PPP1R7,K9N4V7,Q15435,Nucleoprotein
MERS-CoV,Nsp1,MTOR,K9N7C7-PRO_0000422439,P42345,Host translation inhibitor nsp1
MERS-CoV,Nsp1,STAT3,K9N7C7-PRO_0000422439,P40763,Host translation inhibitor nsp1
MERS-CoV,Nsp1,TIMM8A,K9N7C7-PRO_0000422439,O60220,Host translation inhibitor nsp1
MERS-CoV,Nsp1,ZBTB16,K9N7C7-PRO_0000422439,Q05516,Host translation inhibitor nsp1
MERS-CoV,Nsp10,Acadl,K9N7C7-PRO_0000422448,P28330,Non-structural protein 10
MERS-CoV,Nsp10,TRIM9,K9N7C7-PRO_0000422448,Q9C026,Non-structural protein 10
MERS-CoV,Nsp10,WDR11,K9N7C7-PRO_0000422448,Q9BZH6,Non-structural protein 10
MERS-CoV,Nsp11,ACOT8,K9N638-PRO_0000422464,O14734,Non-structural protein 11
MERS-CoV,Nsp13,AKAP9,K9N7C7-PRO_0000422450,Q99996,Helicase nsp13
MERS-CoV,Nsp13,CDK5RAP2,K9N7C7-PRO_0000422450,Q96SN8,Helicase nsp13
MERS-CoV,Nsp13,CENPF,K9N7C7-PRO_0000422450,P49454,Helicase nsp13
MERS-CoV,Nsp13,CEP131,K9N7C7-PRO_0000422450,Q9UPN4,Helicase nsp13
MERS-CoV,Nsp13,CEP135,K9N7C7-PRO_0000422450,Q66GS9,Helicase nsp13
MERS-CoV,Nsp13,CEP250,K9N7C7-PRO_0000422450,Q9BV73,Helicase nsp13
MERS-CoV,Nsp13,ERC1,K9N7C7-PRO_0000422450,Q8IUD2,Helicase nsp13
MERS-CoV,Nsp13,FYCO1,K9N7C7-PRO_0000422450,Q9BQS8,Helicase nsp13
MERS-CoV,Nsp13,GCC2,K9N7C7-PRO_0000422450,Q8IWJ2,Helicase nsp13
MERS-CoV,Nsp13,GOLGA3,K9N7C7-PRO_0000422450,Q08378,Helicase nsp13
MERS-CoV,Nsp13,Golga2,K9N7C7-PRO_0000422450,Q08379,Helicase nsp13
MERS-CoV,Nsp13,MIPOL1,K9N7C7-PRO_0000422450,Q8TD10,Helicase nsp13
MERS-CoV,Nsp13,MYH9,K9N7C7-PRO_0000422450,P35579,Helicase nsp13
MERS-CoV,Nsp13,MYL6B,K9N7C7-PRO_0000422450,P14649,Helicase nsp13
MERS-CoV,Nsp13,MYO1E,K9N7C7-PRO_0000422450,Q12965,Helicase nsp13
MERS-CoV,Nsp13,NIN,K9N7C7-PRO_0000422450,Q8N4C6,Helicase nsp13
MERS-CoV,Nsp13,NINL,K9N7C7-PRO_0000422450,Q9Y2I6,Helicase nsp13
MERS-CoV,Nsp13,NSFL1C,K9N7C7-PRO_0000422450,Q9UNZ2,Helicase nsp13
MERS-CoV,Nsp13,PCM1,K9N7C7-PRO_0000422450,Q15154,Helicase nsp13
MERS-CoV,Nsp13,PCNT,K9N7C7-PRO_0000422450,O95613,Helicase nsp13
MERS-CoV,Nsp13,PDE4DIP,K9N7C7-PRO_0000422450,Q5VU43,Helicase nsp13
MERS-CoV,Nsp13,PRKAR2A,K9N7C7-PRO_0000422450,P13861,Helicase nsp13
MERS-CoV,Nsp13,PRKAR2B,K9N7C7-PRO_0000422450,P31323,Helicase nsp13
MERS-CoV,Nsp13,Prkaca,K9N7C7-PRO_0000422450,P17612,Helicase nsp13
MERS-CoV,Nsp13,RCBTB1,K9N7C7-PRO_0000422450,Q8NDN9,Helicase nsp13
MERS-CoV,Nsp13,TPM1,K9N7C7-PRO_0000422450,P09493,Helicase nsp13
MERS-CoV,Nsp13,TPM4,K9N7C7-PRO_0000422450,P67936,Helicase nsp13
MERS-CoV,Nsp13,TXNRD1,K9N7C7-PRO_0000422450,Q16881,Helicase nsp13
MERS-CoV,Nsp13,unk,K9N7C7-PRO_0000422450,Q9C0B0,Helicase nsp13
MERS-CoV,Nsp14,ATAD3B,K9N7C7-PRO_0000422451,Q5T9A4,Guanine-N7 methyltransferase nsp14
MERS-CoV,Nsp14,DCAF10,K9N7C7-PRO_0000422451,Q5QP82,Guanine-N7 methyltransferase nsp14
MERS-CoV,Nsp14,Gphn,K9N7C7-PRO_0000422451,Q9NQX3,Guanine-N7 methyltransferase nsp14
MERS-CoV,Nsp14,MOCOS,K9N7C7-PRO_0000422451,Q96EN8,Guanine-N7 methyltransferase nsp14
MERS-CoV,Nsp14,PPP2R1A,K9N7C7-PRO_0000422451,P30153,Guanine-N7 methyltransferase nsp14
MERS-CoV,Nsp14,PPP2R2A,K9N7C7-PRO_0000422451,P63151,Guanine-N7 methyltransferase nsp14
MERS-CoV,Nsp14,RAD50,K9N7C7-PRO_0000422451,Q92878,Guanine-N7 methyltransferase nsp14
MERS-CoV,Nsp14,TP53,K9N7C7-PRO_0000422451,P04637,Guanine-N7 methyltransferase nsp14
MERS-CoV,Nsp14,UBR5,K9N7C7-PRO_0000422451,O95071,Guanine-N7 methyltransferase nsp14
MERS-CoV,Nsp14,mre11,K9N7C7-PRO_0000422451,P49959,Guanine-N7 methyltransferase nsp14
MERS-CoV,Nsp15,IGHV3-72,K9N7C7-PRO_0000422452,A0A0B4J1Y9,Uridylate-specific endoribonuclease nsp15
MERS-CoV,Nsp16,ACOT9,K9N7C7-PRO_0000422453,Q9Y305,2'-O-methyltransferase nsp16
MERS-CoV,Nsp16,CEP72,K9N7C7-PRO_0000422453,Q9P209,2'-O-methyltransferase nsp16
MERS-CoV,Nsp16,DNPEP,K9N7C7-PRO_0000422453,Q9ULA0,2'-O-methyltransferase nsp16
MERS-CoV,Nsp16,ERLEC1,K9N7C7-PRO_0000422453,Q96DZ1,2'-O-methyltransferase nsp16
MERS-CoV,Nsp16,HSD17B4,K9N7C7-PRO_0000422453,P51659,2'-O-methyltransferase nsp16
MERS-CoV,Nsp16,IGF2R,K9N7C7-PRO_0000422453,P11717,2'-O-methyltransferase nsp16
MERS-CoV,Nsp16,LATS1,K9N7C7-PRO_0000422453,O95835,2'-O-methyltransferase nsp16
MERS-CoV,Nsp16,NAGLU,K9N7C7-PRO_0000422453,P54802,2'-O-methyltransferase nsp16
MERS-CoV,Nsp16,NGLY1,K9N7C7-PRO_0000422453,Q96IV0,2'-O-methyltransferase nsp16
MERS-CoV,Nsp16,OS9,K9N7C7-PRO_0000422453,Q13438,2'-O-methyltransferase nsp16
MERS-CoV,Nsp16,PSMC4,K9N7C7-PRO_0000422453,P43686,2'-O-methyltransferase nsp16
MERS-CoV,Nsp16,SEL1L,K9N7C7-PRO_0000422453,Q9UBV2,2'-O-methyltransferase nsp16
MERS-CoV,Nsp16,SMAD2,K9N7C7-PRO_0000422453,Q15796,2'-O-methyltransferase nsp16
MERS-CoV,Nsp16,TRIM59,K9N7C7-PRO_0000422453,Q8IWR1,2'-O-methyltransferase nsp16
MERS-CoV,Nsp16,USP13,K9N7C7-PRO_0000422453,Q92995,2'-O-methyltransferase nsp16
MERS-CoV,Nsp16,USP28,K9N7C7-PRO_0000422453,Q96RU2,2'-O-methyltransferase nsp16
MERS-CoV,Nsp16,VWA8,K9N7C7-PRO_0000422453,A3KMH1,2'-O-methyltransferase nsp16
MERS-CoV,Nsp16,WDR59,K9N7C7-PRO_0000422453,Q6PJI9,2'-O-methyltransferase nsp16
MERS-CoV,Nsp2,ARMCX3,K9N7C7-PRO_0000422440,Q9UH62,Non-structural protein 2
MERS-CoV,Nsp2,ASCC1,K9N7C7-PRO_0000422440,Q8N9N2,Non-structural protein 2
MERS-CoV,Nsp2,ASCC2,K9N7C7-PRO_0000422440,Q9H1I8,Non-structural protein 2
MERS-CoV,Nsp2,ATAD1,K9N7C7-PRO_0000422440,Q8NBU5,Non-structural protein 2
MERS-CoV,Nsp2,ATP13A1,K9N7C7-PRO_0000422440,Q9HD20,Non-structural protein 2
MERS-CoV,Nsp2,Ascc3,K9N7C7-PRO_0000422440,Q8N3C0,Non-structural protein 2
MERS-CoV,Nsp2,COX7C,K9N7C7-PRO_0000422440,P15954,Non-structural protein 2
MERS-CoV,Nsp2,CYB5R3,K9N7C7-PRO_0000422440,P00387,Non-structural protein 2
MERS-CoV,Nsp2,Cep85l,K9N7C7-PRO_0000422440,Q5SZL2,Non-structural protein 2
MERS-CoV,Nsp2,DCAKD,K9N7C7-PRO_0000422440,Q8WVC6,Non-structural protein 2
MERS-CoV,Nsp2,DIS3L,K9N7C7-PRO_0000422440,Q8TF46,Non-structural protein 2
MERS-CoV,Nsp2,EIF3C,K9N7C7-PRO_0000422440,Q99613,Non-structural protein 2
MERS-CoV,Nsp2,EIF3M,K9N7C7-PRO_0000422440,Q7L2H7,Non-structural protein 2
MERS-CoV,Nsp2,EXOSC8,K9N7C7-PRO_0000422440,Q96B26,Non-structural protein 2
MERS-CoV,Nsp2,Fam162a,K9N7C7-PRO_0000422440,Q96A26,Non-structural protein 2
MERS-CoV,Nsp2,GALNT2,K9N7C7-PRO_0000422440,Q10471,Non-structural protein 2
MERS-CoV,Nsp2,GIGYF2,K9N7C7-PRO_0000422440,Q6Y7W6,Non-structural protein 2
MERS-CoV,Nsp2,GPRASP2,K9N7C7-PRO_0000422440,Q96D09,Non-structural protein 2
MERS-CoV,Nsp2,MTARC1,K9N7C7-PRO_0000422440,Q5VT66,Non-structural protein 2
MERS-CoV,Nsp2,NME4,K9N7C7-PRO_0000422440,O00746,Non-structural protein 2
MERS-CoV,Nsp2,NNT,K9N7C7-PRO_0000422440,Q13423,Non-structural protein 2
MERS-CoV,Nsp2,Stxbp3,K9N7C7-PRO_0000422440,O00186,Non-structural protein 2
MERS-CoV,Nsp2,TCF25,K9N7C7-PRO_0000422440,Q9BQ70,Non-structural protein 2
MERS-CoV,Nsp2,TNRC6B,K9N7C7-PRO_0000422440,Q9UPQ9,Non-structural protein 2
MERS-CoV,Nsp2,TRIP4,K9N7C7-PRO_0000422440,Q15650,Non-structural protein 2
MERS-CoV,Nsp2,ZNF746,K9N7C7-PRO_0000422440,Q6NUN9,Non-structural protein 2
MERS-CoV,Nsp2,poR,K9N7C7-PRO_0000422440,P16435,Non-structural protein 2
MERS-CoV,Nsp4,LMAN1,K9N7C7-PRO_0000422442,P49257,Non-structural protein 4
MERS-CoV,Nsp4,P4HA1,K9N7C7-PRO_0000422442,P13674,Non-structural protein 4
MERS-CoV,Nsp4,PIGK,K9N7C7-PRO_0000422442,Q92643,Non-structural protein 4
MERS-CoV,Nsp4,PIGS,K9N7C7-PRO_0000422442,Q96S52,Non-structural protein 4
MERS-CoV,Nsp4,PIGT,K9N7C7-PRO_0000422442,Q969N2,Non-structural protein 4
MERS-CoV,Nsp4,STIM1,K9N7C7-PRO_0000422442,Q13586,Non-structural protein 4
MERS-CoV,Nsp4,SUMF2,K9N7C7-PRO_0000422442,Q8NBJ7,Non-structural protein 4
MERS-CoV,Nsp4,TOR1AIP2,K9N7C7-PRO_0000422442,Q8NFQ8,Non-structural protein 4
MERS-CoV,Nsp5,CCAR1,K9N7C7-PRO_0000422443,Q8IX12,3C-like proteinase nsp5
MERS-CoV,Nsp5,CREG1,K9N7C7-PRO_0000422443,O75629,3C-like proteinase nsp5
MERS-CoV,Nsp5,ERCC3,K9N7C7-PRO_0000422443,P19447,3C-like proteinase nsp5
MERS-CoV,Nsp5,FOXC1,K9N7C7-PRO_0000422443,Q12948,3C-like proteinase nsp5
MERS-CoV,Nsp5,GSPT1,K9N7C7-PRO_0000422443,P15170,3C-like proteinase nsp5
MERS-CoV,Nsp5,GTSE1,K9N7C7-PRO_0000422443,Q9NYZ3,3C-like proteinase nsp5
MERS-CoV,Nsp5,MAP7,K9N7C7-PRO_0000422443,Q14244,3C-like proteinase nsp5
MERS-CoV,Nsp5,MARK2,K9N7C7-PRO_0000422443,Q7KZI7,3C-like proteinase nsp5
MERS-CoV,Nsp5,NEDD1,K9N7C7-PRO_0000422443,Q8NHV4,3C-like proteinase nsp5
MERS-CoV,Nsp5,NKX2-5,K9N7C7-PRO_0000422443,P52952,3C-like proteinase nsp5
MERS-CoV,Nsp5,PDK1,K9N7C7-PRO_0000422443,Q15118,3C-like proteinase nsp5
MERS-CoV,Nsp5,R3HDM1,K9N7C7-PRO_0000422443,Q15032,3C-like proteinase nsp5
MERS-CoV,Nsp5,RBMS1,K9N7C7-PRO_0000422443,P29558,3C-like proteinase nsp5
MERS-CoV,Nsp5,Rbpms2,K9N7C7-PRO_0000422443,Q6ZRY4,3C-like proteinase nsp5
MERS-CoV,Nsp5,Rdh13,K9N7C7-PRO_0000422443,Q8NBN7,3C-like proteinase nsp5
MERS-CoV,Nsp5,TCF3,K9N7C7-PRO_0000422443,P15923,3C-like proteinase nsp5
MERS-CoV,Nsp5,ZNF609,K9N7C7-PRO_0000422443,O15014,3C-like proteinase nsp5
MERS-CoV,Nsp6,DNAJB1,K9N7C7-PRO_0000422444,P25685,Non-structural protein 6
MERS-CoV,Nsp6,DNAJB4,K9N7C7-PRO_0000422444,Q9UDY4,Non-structural protein 6
MERS-CoV,Nsp7,ABHD12,K9N7C7-PRO_0000422445,Q8N2K0,Non-structural protein 7
MERS-CoV,Nsp7,ACSL3,K9N7C7-PRO_0000422445,O95573,Non-structural protein 7
MERS-CoV,Nsp7,AGK,K9N7C7-PRO_0000422445,Q53H12,Non-structural protein 7
MERS-CoV,Nsp7,ATAD1,K9N7C7-PRO_0000422445,Q8NBU5,Non-structural protein 7
MERS-CoV,Nsp7,B3GAT3,K9N7C7-PRO_0000422445,O94766,Non-structural protein 7
MERS-CoV,Nsp7,CEBPZOS,K9N7C7-PRO_0000422445,A8MTT3,Non-structural protein 7
MERS-CoV,Nsp7,DCAKD,K9N7C7-PRO_0000422445,Q8WVC6,Non-structural protein 7
MERS-CoV,Nsp7,Fam162a,K9N7C7-PRO_0000422445,Q96A26,Non-structural protein 7
MERS-CoV,Nsp7,GDPD1,K9N7C7-PRO_0000422445,Q8N9F7,Non-structural protein 7
MERS-CoV,Nsp7,LETMD1,K9N7C7-PRO_0000422445,Q6P1Q0,Non-structural protein 7
MERS-CoV,Nsp7,MOGS,K9N7C7-PRO_0000422445,Q13724,Non-structural protein 7
MERS-CoV,Nsp7,NAT14,K9N7C7-PRO_0000422445,Q8WUY8,Non-structural protein 7
MERS-CoV,Nsp7,OCIAD1,K9N7C7-PRO_0000422445,Q9NX40,Non-structural protein 7
MERS-CoV,Nsp7,PTGES2,K9N7C7-PRO_0000422445,Q9H7Z7,Non-structural protein 7
MERS-CoV,Nsp7,QSOX2,K9N7C7-PRO_0000422445,Q6ZRP7,Non-structural protein 7
MERS-CoV,Nsp7,SELENOS,K9N7C7-PRO_0000422445,Q9BQE4,Non-structural protein 7
MERS-CoV,Nsp7,SLC27A2,K9N7C7-PRO_0000422445,O14975,Non-structural protein 7
MERS-CoV,Nsp7,SLC27A4,K9N7C7-PRO_0000422445,Q6P1M0,Non-structural protein 7
MERS-CoV,Nsp7,TIMM9,K9N7C7-PRO_0000422445,Q9Y5J7,Non-structural protein 7
MERS-CoV,Nsp7,ZFPL1,K9N7C7-PRO_0000422445,O95159,Non-structural protein 7
MERS-CoV,Nsp8,AATF,K9N7C7-PRO_0000422446,Q9NY61,Non-structural protein 8
MERS-CoV,Nsp8,AKAP8L,K9N7C7-PRO_0000422446,Q9ULX6,Non-structural protein 8
MERS-CoV,Nsp8,CEBPZ,K9N7C7-PRO_0000422446,Q03701,Non-structural protein 8
MERS-CoV,Nsp8,DDB1,K9N7C7-PRO_0000422446,Q16531,Non-structural protein 8
MERS-CoV,Nsp8,DDX10,K9N7C7-PRO_0000422446,Q13206,Non-structural protein 8
MERS-CoV,Nsp8,DDX27,K9N7C7-PRO_0000422446,Q96GQ7,Non-structural protein 8
MERS-CoV,Nsp8,EBNA1BP2,K9N7C7-PRO_0000422446,Q99848,Non-structural protein 8
MERS-CoV,Nsp8,EXOSC1,K9N7C7-PRO_0000422446,Q9Y3B2,Non-structural protein 8
MERS-CoV,Nsp8,FTSJ3,K9N7C7-PRO_0000422446,Q8IY81,Non-structural protein 8
MERS-CoV,Nsp8,FXR1,K9N7C7-PRO_0000422446,P51114,Non-structural protein 8
MERS-CoV,Nsp8,FXR2,K9N7C7-PRO_0000422446,P51116,Non-structural protein 8
MERS-CoV,Nsp8,GNL2,K9N7C7-PRO_0000422446,Q13823,Non-structural protein 8
MERS-CoV,Nsp8,HEATR3,K9N7C7-PRO_0000422446,Q7Z4Q2,Non-structural protein 8
MERS-CoV,Nsp8,IPO7,K9N7C7-PRO_0000422446,O95373,Non-structural protein 8
MERS-CoV,Nsp8,MPHOSPH6,K9N7C7-PRO_0000422446,Q99547,Non-structural protein 8
MERS-CoV,Nsp8,MTREX,K9N7C7-PRO_0000422446,P42285,Non-structural protein 8
MERS-CoV,Nsp8,NOL10,K9N7C7-PRO_0000422446,Q9BSC4,Non-structural protein 8
MERS-CoV,Nsp8,NOL6,K9N7C7-PRO_0000422446,Q9H6R4,Non-structural protein 8
MERS-CoV,Nsp8,NOL8,K9N7C7-PRO_0000422446,Q76FK4,Non-structural protein 8
MERS-CoV,Nsp8,NVL,K9N7C7-PRO_0000422446,O15381,Non-structural protein 8
MERS-CoV,Nsp8,OLA1,K9N7C7-PRO_0000422446,Q9NTK5,Non-structural protein 8
MERS-CoV,Nsp8,PCYOX1,K9N7C7-PRO_0000422446,Q9UHG3,Non-structural protein 8
MERS-CoV,Nsp8,POP4,K9N7C7-PRO_0000422446,O95707,Non-structural protein 8
MERS-CoV,Nsp8,PRKAR1A,K9N7C7-PRO_0000422446,P10644,Non-structural protein 8
MERS-CoV,Nsp8,PWP2,K9N7C7-PRO_0000422446,Q15269,Non-structural protein 8
MERS-CoV,Nsp8,RRP7A,K9N7C7-PRO_0000422446,Q9Y3A4,Non-structural protein 8
MERS-CoV,Nsp8,RRS1,K9N7C7-PRO_0000422446,Q15050,Non-structural protein 8
MERS-CoV,Nsp8,SUGP2,K9N7C7-PRO_0000422446,Q8IX01,Non-structural protein 8
MERS-CoV,Nsp8,TBC1D15,K9N7C7-PRO_0000422446,Q8TC07,Non-structural protein 8
MERS-CoV,Nsp8,TBL3,K9N7C7-PRO_0000422446,Q12788,Non-structural protein 8
MERS-CoV,Nsp8,URB1,K9N7C7-PRO_0000422446,O60287,Non-structural protein 8
MERS-CoV,Nsp8,URB2,K9N7C7-PRO_0000422446,Q14146,Non-structural protein 8
MERS-CoV,Nsp8,WDR36,K9N7C7-PRO_0000422446,Q8NI36,Non-structural protein 8
MERS-CoV,Nsp8,WDTC1,K9N7C7-PRO_0000422446,Q8N5D0,Non-structural protein 8
MERS-CoV,Nsp8,Wdr12,K9N7C7-PRO_0000422446,Q9GZL7,Non-structural protein 8
MERS-CoV,Nsp9,ALDH7A1,K9N7C7-PRO_0000422447,P49419,Viral protein genome-linked nsp9
MERS-CoV,Nsp9,ATP6V1A,K9N7C7-PRO_0000422447,P38606,Viral protein genome-linked nsp9
MERS-CoV,Nsp9,ATP6V1B2,K9N7C7-PRO_0000422447,P21281,Viral protein genome-linked nsp9
MERS-CoV,Nsp9,CCDC28A,K9N7C7-PRO_0000422447,Q8IWP9,Viral protein genome-linked nsp9
MERS-CoV,Nsp9,CEP170,K9N7C7-PRO_0000422447,Q5SW79,Viral protein genome-linked nsp9
MERS-CoV,Nsp9,GARS1,K9N7C7-PRO_0000422447,P41250,Viral protein genome-linked nsp9
MERS-CoV,Nsp9,LSM3,K9N7C7-PRO_0000422447,P62310,Viral protein genome-linked nsp9
MERS-CoV,Nsp9,MIB1,K9N7C7-PRO_0000422447,Q86YT6,Viral protein genome-linked nsp9
MERS-CoV,Nsp9,NDUFAF3,K9N7C7-PRO_0000422447,Q9BU61,Viral protein genome-linked nsp9
MERS-CoV,Nsp9,PSMD9,K9N7C7-PRO_0000422447,O00233,Viral protein genome-linked nsp9
MERS-CoV,Nsp9,RCHY1,K9N7C7-PRO_0000422447,Q96PM5,Viral protein genome-linked nsp9
MERS-CoV,Nsp9,SARM1,K9N7C7-PRO_0000422447,Q6SZW1,Viral protein genome-linked nsp9
MERS-CoV,Spike,LGALS1,K9N5Q8,P09382,Spike glycoprotein
SARS-CoV-1,E,MRPS31,P59637,Q92665,Envelope small membrane protein
SARS-CoV-1,E,TBC1D24,P59637,Q9ULP9,Envelope small membrane protein
SARS-CoV-1,M,ABCC1,P59596,P33527,Membrane protein
SARS-CoV-1,M,ACAD9,P59596,Q9H845,Membrane protein
SARS-CoV-1,M,AMFR,P59596,Q9UKV5,Membrane protein
SARS-CoV-1,M,ATP13A3,P59596,Q9H7F0,Membrane protein
SARS-CoV-1,M,ATP1B1,P59596,P05026,Membrane protein
SARS-CoV-1,M,ATP2B4,P59596,P23634,Membrane protein
SARS-CoV-1,M,ATP2C1,P59596,P98194,Membrane protein
SARS-CoV-1,M,ATP7B,P59596,P35670,Membrane protein
SARS-CoV-1,M,Abcb7,P59596,O75027,Membrane protein
SARS-CoV-1,M,Atp2b1,P59596,P20020,Membrane protein
SARS-CoV-1,M,BRAT1,P59596,Q6PJG6,Membrane protein
SARS-CoV-1,M,BRI3BP,P59596,Q8WY22,Membrane protein
SARS-CoV-1,M,CAPN1,P59596,P07384,Membrane protein
SARS-CoV-1,M,CDS2,P59596,O95674,Membrane protein
SARS-CoV-1,M,CHPT1,P59596,Q8WUD6,Membrane protein
SARS-CoV-1,M,CNNM2,P59596,Q9H8M5,Membrane protein
SARS-CoV-1,M,COPG2,P59596,Q9UBF2,Membrane protein
SARS-CoV-1,M,COQ8B,P59596,Q96D53,Membrane protein
SARS-CoV-1,M,DAD1,P59596,P61803,Membrane protein
SARS-CoV-1,M,DYM,P59596,Q7RTS9,Membrane protein
SARS-CoV-1,M,DYNC1I2,P59596,Q13409,Membrane protein
SARS-CoV-1,M,ECSIT,P59596,Q9BQ95,Membrane protein
SARS-CoV-1,M,FADS2,P59596,O95864,Membrane protein
SARS-CoV-1,M,FANCD2,P59596,Q9BXW9,Membrane protein
SARS-CoV-1,M,FANCI,P59596,Q9NVI1,Membrane protein
SARS-CoV-1,M,FASTKD1,P59596,Q53R41,Membrane protein
SARS-CoV-1,M,FASTKD3,P59596,Q14CZ7,Membrane protein
SARS-CoV-1,M,FASTKD5,P59596,Q7L8L6,Membrane protein
SARS-CoV-1,M,FLVCR1,P59596,Q9Y5Y0,Membrane protein
SARS-CoV-1,M,FUCA2,P59596,Q9BTY2,Membrane protein
SARS-CoV-1,M,GGCX,P59596,P38435,Membrane protein
SARS-CoV-1,M,GPAT4,P59596,Q86UL3,Membrane protein
SARS-CoV-1,M,HEATR1,P59596,Q9H583,Membrane protein
SARS-CoV-1,M,HEATR6,P59596,Q6AI08,Membrane protein
SARS-CoV-1,M,INTS7,P59596,Q9NVH2,Membrane protein
SARS-CoV-1,M,IPO13,P59596,O94829,Membrane protein
SARS-CoV-1,M,IPO8,P59596,O15397,Membrane protein
SARS-CoV-1,M,KDELR1,P59596,P24390,Membrane protein
SARS-CoV-1,M,LPGAT1,P59596,Q92604,Membrane protein
SARS-CoV-1,M,LTN1,P59596,O94822,Membrane protein
SARS-CoV-1,M,MACO1,P59596,Q8N5G2,Membrane protein
SARS-CoV-1,M,MON2,P59596,Q7Z3U7,Membrane protein
SARS-CoV-1,M,MTX1,P59596,Q13505,Membrane protein
SARS-CoV-1,M,NCLN,P59596,Q969V3,Membrane protein
SARS-CoV-1,M,PEX3,P59596,P56589,Membrane protein
SARS-CoV-1,M,PIGG,P59596,Q5H8A4,Membrane protein
SARS-CoV-1,M,Pigx,P59596,Q8TBF5,Membrane protein
SARS-CoV-1,M,Psen1,P59596,P49768,Membrane protein
SARS-CoV-1,M,RFT1,P59596,Q96AA3,Membrane protein
SARS-CoV-1,M,SELENOI,P59596,Q9C0D9,Membrane protein
SARS-CoV-1,M,SLC19A2,P59596,O60779,Membrane protein
SARS-CoV-1,M,SLC1A3,P59596,P43003,Membrane protein
SARS-CoV-1,M,SLC31A1,P59596,O15431,Membrane protein
SARS-CoV-1,M,SLC35F1,P59596,Q5T1Q4,Membrane protein
SARS-CoV-1,M,SLC39A10,P59596,Q9ULF5,Membrane protein
SARS-CoV-1,M,SLC39A14,P59596,Q15043,Membrane protein
SARS-CoV-1,M,SLC39A6,P59596,Q13433,Membrane protein
SARS-CoV-1,M,SLC6A15,P59596,Q9H2J7,Membrane protein
SARS-CoV-1,M,STAT3,P59596,P40763,Membrane protein
SARS-CoV-1,M,STK11IP,P59596,Q8N1F8,Membrane protein
SARS-CoV-1,M,STT3B,P59596,Q8TCJ2,Membrane protein
SARS-CoV-1,M,SUCLA2,P59596,Q9P2R7,Membrane protein
SARS-CoV-1,M,TELO2,P59596,Q9Y4R8,Membrane protein
SARS-CoV-1,M,TM9SF1,P59596,O15321,Membrane protein
SARS-CoV-1,M,TM9SF2,P59596,Q99805,Membrane protein
SARS-CoV-1,M,TTC27,P59596,Q6P3X3,Membrane protein
SARS-CoV-1,M,TTI1,P59596,O43156,Membrane protein
SARS-CoV-1,M,TUBGCP2,P59596,Q9BSJ2,Membrane protein
SARS-CoV-1,M,TUBGCP3,P59596,Q96CW5,Membrane protein
SARS-CoV-1,M,UBE3C,P59596,Q15386,Membrane protein
SARS-CoV-1,M,WLS,P59596,Q5T9L3,Membrane protein
SARS-CoV-1,M,XPO4,P59596,Q9C0E2,Membrane protein
SARS-CoV-1,M,YIF1B,P59596,Q5BJH7,Membrane protein
SARS-CoV-1,M,YIPF3,P59596,Q9GZM5,Membrane protein
SARS-CoV-1,N,CMSS1,P59595,Q9BQ75,Nucleoprotein
SARS-CoV-1,N,CSNK2A1,P59595,P68400,Nucleoprotein
SARS-CoV-1,N,CSNK2A2,P59595,P19784,Nucleoprotein
SARS-CoV-1,N,CSNK2B,P59595,P67870,Nucleoprotein
SARS-CoV-1,N,FAM98A,P59595,Q8NCA5,Nucleoprotein
SARS-CoV-1,N,G3BP1,P59595,Q13283,Nucleoprotein
SARS-CoV-1,N,G3BP2,P59595,Q9UN86,Nucleoprotein
SARS-CoV-1,N,LARP1,P59595,Q6PKG0,Nucleoprotein
SARS-CoV-1,N,MOV10,P59595,Q9HCE1,Nucleoprotein
SARS-CoV-1,N,PABPC1,P59595,P11940,Nucleoprotein
SARS-CoV-1,N,PABPC4,P59595,Q13310,Nucleoprotein
SARS-CoV-1,N,PABPN1,P59595,Q86U42,Nucleoprotein
SARS-CoV-1,N,RPL36,P59595,Q9Y3U8,Nucleoprotein
SARS-CoV-1,N,RRP9,P59595,O43818,Nucleoprotein
SARS-CoV-1,N,RSL1D1,P59595,O76021,Nucleoprotein
SARS-CoV-1,N,SNIP1,P59595,Q8TAD8,Nucleoprotein
SARS-CoV-1,N,SURF6,P59595,O75683,Nucleoprotein
SARS-CoV-1,N,YBX3,P59595,P16989,Nucleoprotein
SARS-CoV-1,Nsp1,POLA1,P0C6X7-PRO_0000037309,P09884,Host translation inhibitor nsp1
SARS-CoV-1,Nsp1,POLA2,P0C6X7-PRO_0000037309,Q14181,Host translation inhibitor nsp1
SARS-CoV-1,Nsp1,PRIM1,P0C6X7-PRO_0000037309,P49642,Host translation inhibitor nsp1
SARS-CoV-1,Nsp1,PRIM2,P0C6X7-PRO_0000037309,P49643,Host translation inhibitor nsp1
SARS-CoV-1,Nsp10,ERGIC1,P0C6X7-PRO_0000037317,Q969X5,Non-structural protein 10
SARS-CoV-1,Nsp10,TRAF7,P0C6X7-PRO_0000037317,Q6Q0C0,Non-structural protein 10
SARS-CoV-1,Nsp11,APPBP2,P0C6U8-PRO_0000338265,Q92624,Non-structural protein 11
SARS-CoV-1,Nsp11,ZYG11B,P0C6U8-PRO_0000338265,Q9C0D3,Non-structural protein 11
SARS-CoV-1,Nsp12,C15orf39,P0C6X7-PRO_0000037318,Q6ZRI6,RNA-directed RNA polymerase nsp12
SARS-CoV-1,Nsp12,CCHCR1,P0C6X7-PRO_0000037318,Q8TD31,RNA-directed RNA polymerase nsp12
SARS-CoV-1,Nsp12,CCP110,P0C6X7-PRO_0000037318,O43303,RNA-directed RNA polymerase nsp12
SARS-CoV-1,Nsp12,CEP290,P0C6X7-PRO_0000037318,O15078,RNA-directed RNA polymerase nsp12
SARS-CoV-1,Nsp12,CETN3,P0C6X7-PRO_0000037318,O15182,RNA-directed RNA polymerase nsp12
SARS-CoV-1,Nsp12,CRTC3,P0C6X7-PRO_0000037318,Q6UUV7,RNA-directed RNA polymerase nsp12
SARS-CoV-1,Nsp12,CUX1,P0C6X7-PRO_0000037318,Q13948,RNA-directed RNA polymerase nsp12
SARS-CoV-1,Nsp12,Gata6,P0C6X7-PRO_0000037318,Q92908,RNA-directed RNA polymerase nsp12
SARS-CoV-1,Nsp12,HSBP1,P0C6X7-PRO_0000037318,O75506,RNA-directed RNA polymerase nsp12
SARS-CoV-1,Nsp12,HYLS1,P0C6X7-PRO_0000037318,Q96M11,RNA-directed RNA polymerase nsp12
SARS-CoV-1,Nsp12,IQCC,P0C6X7-PRO_0000037318,Q4KMZ1,RNA-directed RNA polymerase nsp12
SARS-CoV-1,Nsp12,LARP4B,P0C6X7-PRO_0000037318,Q92615,RNA-directed RNA polymerase nsp12
SARS-CoV-1,Nsp12,MTMR3,P0C6X7-PRO_0000037318,Q13615,RNA-directed RNA polymerase nsp12
SARS-CoV-1,Nsp12,PDZD11,P0C6X7-PRO_0000037318,Q5EBL8,RNA-directed RNA polymerase nsp12
SARS-CoV-1,Nsp12,PHLDB2,P0C6X7-PRO_0000037318,Q86SQ0,RNA-directed RNA polymerase nsp12
SARS-CoV-1,Nsp12,PLEKHA5,P0C6X7-PRO_0000037318,Q9HAU0,RNA-directed RNA polymerase nsp12
SARS-CoV-1,Nsp12,PPIL3,P0C6X7-PRO_0000037318,Q9H2H8,RNA-directed RNA polymerase nsp12
SARS-CoV-1,Nsp12,PROSER3,P0C6X7-PRO_0000037318,Q2NL68,RNA-directed RNA polymerase nsp12
SARS-CoV-1,Nsp12,RBM41,P0C6X7-PRO_0000037318,Q96IZ5,RNA-directed RNA polymerase nsp12
SARS-CoV-1,Nsp12,RIPK1,P0C6X7-PRO_0000037318,Q13546,RNA-directed RNA polymerase nsp12
SARS-CoV-1,Nsp12,SLU7,P0C6X7-PRO_0000037318,O95391,RNA-directed RNA polymerase nsp12
SARS-CoV-1,Nsp12,STRN3,P0C6X7-PRO_0000037318,Q13033,RNA-directed RNA polymerase nsp12
SARS-CoV-1,Nsp12,Sbno1,P0C6X7-PRO_0000037318,A3KN83,RNA-directed RNA polymerase nsp12
SARS-CoV-1,Nsp12,TNRC6C,P0C6X7-PRO_0000037318,Q9HCJ0,RNA-directed RNA polymerase nsp12
SARS-CoV-1,Nsp12,TYSND1,P0C6X7-PRO_0000037318,Q2T9J0,RNA-directed RNA polymerase nsp12
SARS-CoV-1,Nsp12,USP54,P0C6X7-PRO_0000037318,Q70EL1,RNA-directed RNA polymerase nsp12
SARS-CoV-1,Nsp12,ZC3H7A,P0C6X7-PRO_0000037318,Q8IWR0,RNA-directed RNA polymerase nsp12
SARS-CoV-1,Nsp12,ZNF318,P0C6X7-PRO_0000037318,Q5VUA4,RNA-directed RNA polymerase nsp12
SARS-CoV-1,Nsp12,ZNF609,P0C6X7-PRO_0000037318,O15014,RNA-directed RNA polymerase nsp12
SARS-CoV-1,Nsp13,ABLIM1,P0C6X7-PRO_0000037319,O14639,Helicase nsp13
SARS-CoV-1,Nsp13,AKAP9,P0C6X7-PRO_0000037319,Q99996,Helicase nsp13
SARS-CoV-1,Nsp13,C1orf50,P0C6X7-PRO_0000037319,Q9BV19,Helicase nsp13
SARS-CoV-1,Nsp13,CDK5RAP2,P0C6X7-PRO_0000037319,Q96SN8,Helicase nsp13
SARS-CoV-1,Nsp13,CEP131,P0C6X7-PRO_0000037319,Q9UPN4,Helicase nsp13
SARS-CoV-1,Nsp13,CEP135,P0C6X7-PRO_0000037319,Q66GS9,Helicase nsp13
SARS-CoV-1,Nsp13,CEP250,P0C6X7-PRO_0000037319,Q9BV73,Helicase nsp13
SARS-CoV-1,Nsp13,CEP350,P0C6X7-PRO_0000037319,Q5VT06,Helicase nsp13
SARS-CoV-1,Nsp13,CEP43,P0C6X7-PRO_0000037319,O95684,Helicase nsp13
SARS-CoV-1,Nsp13,ERC1,P0C6X7-PRO_0000037319,Q8IUD2,Helicase nsp13
SARS-CoV-1,Nsp13,FLII,P0C6X7-PRO_0000037319,Q13045,Helicase nsp13
SARS-CoV-1,Nsp13,GIPC1,P0C6X7-PRO_0000037319,O14908,Helicase nsp13
SARS-CoV-1,Nsp13,GOLGA3,P0C6X7-PRO_0000037319,Q08378,Helicase nsp13
SARS-CoV-1,Nsp13,GORASP1,P0C6X7-PRO_0000037319,Q9BQQ3,Helicase nsp13
SARS-CoV-1,Nsp13,GSN,P0C6X7-PRO_0000037319,P06396,Helicase nsp13
SARS-CoV-1,Nsp13,Golga2,P0C6X7-PRO_0000037319,Q08379,Helicase nsp13
SARS-CoV-1,Nsp13,Golgb1,P0C6X7-PRO_0000037319,Q14789,Helicase nsp13
SARS-CoV-1,Nsp13,JAKMIP1,P0C6X7-PRO_0000037319,Q96N16,Helicase nsp13
SARS-CoV-1,Nsp13,LIMCH1,P0C6X7-PRO_0000037319,Q9UPQ0,Helicase nsp13
SARS-CoV-1,Nsp13,LMO7,P0C6X7-PRO_0000037319,Q8WWI1,Helicase nsp13
SARS-CoV-1,Nsp13,LRCH2,P0C6X7-PRO_0000037319,Q5VUJ6,Helicase nsp13
SARS-CoV-1,Nsp13,LRCH3,P0C6X7-PRO_0000037319,Q96II8,Helicase nsp13
SARS-CoV-1,Nsp13,LRRFIP2,P0C6X7-PRO_0000037319,Q9Y608,Helicase nsp13
SARS-CoV-1,Nsp13,MIPOL1,P0C6X7-PRO_0000037319,Q8TD10,Helicase nsp13
SARS-CoV-1,Nsp13,MYH14,P0C6X7-PRO_0000037319,Q7Z406,Helicase nsp13
SARS-CoV-1,Nsp13,MYH9,P0C6X7-PRO_0000037319,P35579,Helicase nsp13
SARS-CoV-1,Nsp13,MYL6B,P0C6X7-PRO_0000037319,P14649,Helicase nsp13
SARS-CoV-1,Nsp13,MYO18A,P0C6X7-PRO_0000037319,Q92614,Helicase nsp13
SARS-CoV-1,Nsp13,MYO1E,P0C6X7-PRO_0000037319,Q12965,Helicase nsp13
SARS-CoV-1,Nsp13,MYO5A,P0C6X7-PRO_0000037319,Q9Y4I1,Helicase nsp13
SARS-CoV-1,Nsp13,MYO5B,P0C6X7-PRO_0000037319,Q9ULV0,Helicase nsp13
SARS-CoV-1,Nsp13,MYO6,P0C6X7-PRO_0000037319,Q9UM54,Helicase nsp13
SARS-CoV-1,Nsp13,NIN,P0C6X7-PRO_0000037319,Q8N4C6,Helicase nsp13
SARS-CoV-1,Nsp13,NINL,P0C6X7-PRO_0000037319,Q9Y2I6,Helicase nsp13
SARS-CoV-1,Nsp13,PCM1,P0C6X7-PRO_0000037319,Q15154,Helicase nsp13
SARS-CoV-1,Nsp13,PCNT,P0C6X7-PRO_0000037319,O95613,Helicase nsp13
SARS-CoV-1,Nsp13,PDE4DIP,P0C6X7-PRO_0000037319,Q5VU43,Helicase nsp13
SARS-CoV-1,Nsp13,PEX14,P0C6X7-PRO_0000037319,O75381,Helicase nsp13
SARS-CoV-1,Nsp13,PIBF1,P0C6X7-PRO_0000037319,Q8WXW3,Helicase nsp13
SARS-CoV-1,Nsp13,PPP1R12B,P0C6X7-PRO_0000037319,O60237,Helicase nsp13
SARS-CoV-1,Nsp13,PRKAR2A,P0C6X7-PRO_0000037319,P13861,Helicase nsp13
SARS-CoV-1,Nsp13,Prkaca,P0C6X7-PRO_0000037319,P17612,Helicase nsp13
SARS-CoV-1,Nsp13,Rdx,P0C6X7-PRO_0000037319,P35241,Helicase nsp13
SARS-CoV-1,Nsp13,TLE1,P0C6X7-PRO_0000037319,Q04724,Helicase nsp13
SARS-CoV-1,Nsp13,TLE3,P0C6X7-PRO_0000037319,Q04726,Helicase nsp13
SARS-CoV-1,Nsp13,TMOD1,P0C6X7-PRO_0000037319,P28289,Helicase nsp13
SARS-CoV-1,Nsp13,TOLLIP,P0C6X7-PRO_0000037319,Q9H0E2,Helicase nsp13
SARS-CoV-1,Nsp13,TOM1,P0C6X7-PRO_0000037319,O60784,Helicase nsp13
SARS-CoV-1,Nsp13,TOM1L2,P0C6X7-PRO_0000037319,Q6ZVM7,Helicase nsp13
SARS-CoV-1,Nsp13,TPM1,P0C6X7-PRO_0000037319,P09493,Helicase nsp13
SARS-CoV-1,Nsp13,TPM4,P0C6X7-PRO_0000037319,P67936,Helicase nsp13
SARS-CoV-1,Nsp13,UACA,P0C6X7-PRO_0000037319,Q9BZF9,Helicase nsp13
SARS-CoV-1,Nsp13,USP13,P0C6X7-PRO_0000037319,Q92995,Helicase nsp13
SARS-CoV-1,Nsp14,GLA,P0C6X7-PRO_0000037320,P06280,Guanine-N7 methyltransferase nsp14
SARS-CoV-1,Nsp14,HERC2,P0C6X7-PRO_0000037320,O95714,Guanine-N7 methyltransferase nsp14
SARS-CoV-1,Nsp14,IMPDH2,P0C6X7-PRO_0000037320,P12268,Guanine-N7 methyltransferase nsp14
SARS-CoV-1,Nsp14,NEURL4,P0C6X7-PRO_0000037320,Q96JN8,Guanine-N7 methyltransferase nsp14
SARS-CoV-1,Nsp14,SIRT5,P0C6X7-PRO_0000037320,Q9NXA8,Guanine-N7 methyltransferase nsp14
SARS-CoV-1,Nsp15,ARF6,P0C6X7-PRO_0000037321,P62330,Uridylate-specific endoribonuclease nsp15
SARS-CoV-1,Nsp16,CCDC93,P0C6X7-PRO_0000037322,Q567U6,2'-O-methyltransferase nsp16
SARS-CoV-1,Nsp16,CPSF3,P0C6X7-PRO_0000037322,Q9UKF6,2'-O-methyltransferase nsp16
SARS-CoV-1,Nsp16,ERC1,P0C6X7-PRO_0000037322,Q8IUD2,2'-O-methyltransferase nsp16
SARS-CoV-1,Nsp16,LAP3,P0C6X7-PRO_0000037322,P28838,2'-O-methyltransferase nsp16
SARS-CoV-1,Nsp16,NUP210,P0C6X7-PRO_0000037322,Q8TEM1,2'-O-methyltransferase nsp16
SARS-CoV-1,Nsp16,POLDIP2,P0C6X7-PRO_0000037322,Q9Y2S7,2'-O-methyltransferase nsp16
SARS-CoV-1,Nsp16,ZMYM1,P0C6X7-PRO_0000037322,Q5SVZ6,2'-O-methyltransferase nsp16
SARS-CoV-1,Nsp16,ZNRD2,P0C6X7-PRO_0000037322,O60232,2'-O-methyltransferase nsp16
SARS-CoV-1,Nsp2,EIF3A,P0C6X7-PRO_0000037310,Q14152,Non-structural protein 2
SARS-CoV-1,Nsp2,EIF3B,P0C6X7-PRO_0000037310,P55884,Non-structural protein 2
SARS-CoV-1,Nsp2,EIF3C,P0C6X7-PRO_0000037310,Q99613,Non-structural protein 2
SARS-CoV-1,Nsp2,EIF3D,P0C6X7-PRO_0000037310,O15371,Non-structural protein 2
SARS-CoV-1,Nsp2,EIF3E,P0C6X7-PRO_0000037310,P60228,Non-structural protein 2
SARS-CoV-1,Nsp2,EIF3F,P0C6X7-PRO_0000037310,O00303,Non-structural protein 2
SARS-CoV-1,Nsp2,EIF3G,P0C6X7-PRO_0000037310,O75821,Non-structural protein 2
SARS-CoV-1,Nsp2,EIF3H,P0C6X7-PRO_0000037310,O15372,Non-structural protein 2
SARS-CoV-1,Nsp2,EIF3I,P0C6X7-PRO_0000037310,Q13347,Non-structural protein 2
SARS-CoV-1,Nsp2,EIF3J,P0C6X7-PRO_0000037310,O75822,Non-structural protein 2
SARS-CoV-1,Nsp2,EIF3K,P0C6X7-PRO_0000037310,Q9UBQ5,Non-structural protein 2
SARS-CoV-1,Nsp2,EIF3L,P0C6X7-PRO_0000037310,Q9Y262,Non-structural protein 2
SARS-CoV-1,Nsp2,EIF3M,P0C6X7-PRO_0000037310,Q7L2H7,Non-structural protein 2
SARS-CoV-1,Nsp2,EIF4E2,P0C6X7-PRO_0000037310,O60573,Non-structural protein 2
SARS-CoV-1,Nsp2,GIGYF2,P0C6X7-PRO_0000037310,Q6Y7W6,Non-structural protein 2
SARS-CoV-1,Nsp2,RAP1GDS1,P0C6X7-PRO_0000037310,P52306,Non-structural protein 2
SARS-CoV-1,Nsp2,TRIM4,P0C6X7-PRO_0000037310,Q9C037,Non-structural protein 2
SARS-CoV-1,Nsp2,ZNF598,P0C6X7-PRO_0000037310,Q86UK7,Non-structural protein 2
SARS-CoV-1,Nsp2,ZNF746,P0C6X7-PRO_0000037310,Q6NUN9,Non-structural protein 2
SARS-CoV-1,Nsp4,GID8,P0C6X7-PRO_0000283841,Q9NWU2,Non-structural protein 4
SARS-CoV-1,Nsp4,IDE,P0C6X7-PRO_0000283841,P14735,Non-structural protein 4
SARS-CoV-1,Nsp4,MAEA,P0C6X7-PRO_0000283841,Q7L5Y9,Non-structural protein 4
SARS-CoV-1,Nsp4,RANBP10,P0C6X7-PRO_0000283841,Q6VN20,Non-structural protein 4
SARS-CoV-1,Nsp4,RANBP9,P0C6X7-PRO_0000283841,Q96S59,Non-structural protein 4
SARS-CoV-1,Nsp4,RMND5A,P0C6X7-PRO_0000283841,Q9H871,Non-structural protein 4
SARS-CoV-1,Nsp4,WDR26,P0C6X7-PRO_0000283841,Q9H7D7,Non-structural protein 4
SARS-CoV-1,Nsp4,Ypel5,P0C6X7-PRO_0000283841,P62699,Non-structural protein 4
SARS-CoV-1,Nsp5,GPX1,P0C6X7-PRO_0000037312,P07203,3C-like proteinase nsp5
SARS-CoV-1,Nsp5,TRMT1,P0C6X7-PRO_0000037312,Q9NXH9,3C-like proteinase nsp5
SARS-CoV-1,Nsp6,SIGMAR1,P0C6X7-PRO_0000037313,Q99720,Non-structural protein 6
SARS-CoV-1,Nsp7,ALG11,P0C6X7-PRO_0000037314,Q2TAA5,Non-structural protein 7
SARS-CoV-1,Nsp7,B3GAT3,P0C6X7-PRO_0000037314,O94766,Non-structural protein 7
SARS-CoV-1,Nsp7,CCDC51,P0C6X7-PRO_0000037314,Q96ER9,Non-structural protein 7
SARS-CoV-1,Nsp7,CEBPZOS,P0C6X7-PRO_0000037314,A8MTT3,Non-structural protein 7
SARS-CoV-1,Nsp7,CYB5R3,P0C6X7-PRO_0000037314,P00387,Non-structural protein 7
SARS-CoV-1,Nsp7,DNAJC1,P0C6X7-PRO_0000037314,Q96KC8,Non-structural protein 7
SARS-CoV-1,Nsp7,ELOVL5,P0C6X7-PRO_0000037314,Q9NYP7,Non-structural protein 7
SARS-CoV-1,Nsp7,Fam162a,P0C6X7-PRO_0000037314,Q96A26,Non-structural protein 7
SARS-CoV-1,Nsp7,Hs2st1,P0C6X7-PRO_0000037314,Q7LGA3,Non-structural protein 7
SARS-CoV-1,Nsp7,LETMD1,P0C6X7-PRO_0000037314,Q6P1Q0,Non-structural protein 7
SARS-CoV-1,Nsp7,LMAN2,P0C6X7-PRO_0000037314,Q12907,Non-structural protein 7
SARS-CoV-1,Nsp7,MTARC1,P0C6X7-PRO_0000037314,Q5VT66,Non-structural protein 7
SARS-CoV-1,Nsp7,NAT14,P0C6X7-PRO_0000037314,Q8WUY8,Non-structural protein 7
SARS-CoV-1,Nsp7,PAM16,P0C6X7-PRO_0000037314,Q9Y3D7,Non-structural protein 7
SARS-CoV-1,Nsp7,PTGES2,P0C6X7-PRO_0000037314,Q9H7Z7,Non-structural protein 7
SARS-CoV-1,Nsp7,QSOX2,P0C6X7-PRO_0000037314,Q6ZRP7,Non-structural protein 7
SARS-CoV-1,Nsp7,RAB8A,P0C6X7-PRO_0000037314,P61006,Non-structural protein 7
SARS-CoV-1,Nsp7,SCARB1,P0C6X7-PRO_0000037314,Q8WTV0,Non-structural protein 7
SARS-CoV-1,Nsp7,SCCPDH,P0C6X7-PRO_0000037314,Q8NBX0,Non-structural protein 7
SARS-CoV-1,Nsp7,SELENOS,P0C6X7-PRO_0000037314,Q9BQE4,Non-structural protein 7
SARS-CoV-1,Nsp7,TRAPPC5,P0C6X7-PRO_0000037314,Q8IUR0,Non-structural protein 7
SARS-CoV-1,Nsp8,AATF,P0C6X7-PRO_0000037315,Q9NY61,Non-structural protein 8
SARS-CoV-1,Nsp8,ATE1,P0C6X7-PRO_0000037315,O95260,Non-structural protein 8
SARS-CoV-1,Nsp8,BMS1,P0C6X7-PRO_0000037315,Q14692,Non-structural protein 8
SARS-CoV-1,Nsp8,CCDC86,P0C6X7-PRO_0000037315,Q9H6F5,Non-structural protein 8
SARS-CoV-1,Nsp8,DDX10,P0C6X7-PRO_0000037315,Q13206,Non-structural protein 8
SARS-CoV-1,Nsp8,DHX37,P0C6X7-PRO_0000037315,Q8IY37,Non-structural protein 8
SARS-CoV-1,Nsp8,EXOSC3,P0C6X7-PRO_0000037315,Q9NQT5,Non-structural protein 8
SARS-CoV-1,Nsp8,EXOSC5,P0C6X7-PRO_0000037315,Q9NQT4,Non-structural protein 8
SARS-CoV-1,Nsp8,EXOSC8,P0C6X7-PRO_0000037315,Q96B26,Non-structural protein 8
SARS-CoV-1,Nsp8,HECTD1,P0C6X7-PRO_0000037315,Q9ULT8,Non-structural protein 8
SARS-CoV-1,Nsp8,LARP7,P0C6X7-PRO_0000037315,Q4G0J3,Non-structural protein 8
SARS-CoV-1,Nsp8,MEPCE,P0C6X7-PRO_0000037315,Q7L2J0,Non-structural protein 8
SARS-CoV-1,Nsp8,MPHOSPH10,P0C6X7-PRO_0000037315,O00566,Non-structural protein 8
SARS-CoV-1,Nsp8,MRPL11,P0C6X7-PRO_0000037315,Q9Y3B7,Non-structural protein 8
SARS-CoV-1,Nsp8,MRPL43,P0C6X7-PRO_0000037315,Q8N983,Non-structural protein 8
SARS-CoV-1,Nsp8,MRPS5,P0C6X7-PRO_0000037315,P82675,Non-structural protein 8
SARS-CoV-1,Nsp8,NGDN,P0C6X7-PRO_0000037315,Q8NEJ9,Non-structural protein 8
SARS-CoV-1,Nsp8,NOL10,P0C6X7-PRO_0000037315,Q9BSC4,Non-structural protein 8
SARS-CoV-1,Nsp8,PUM3,P0C6X7-PRO_0000037315,Q15397,Non-structural protein 8
SARS-CoV-1,Nsp8,SRP19,P0C6X7-PRO_0000037315,P09132,Non-structural protein 8
SARS-CoV-1,Nsp8,SRP72,P0C6X7-PRO_0000037315,O76094,Non-structural protein 8
SARS-CoV-1,Nsp8,Tes,P0C6X7-PRO_0000037315,Q9UGI8,Non-structural protein 8
SARS-CoV-1,Nsp8,WDR89,P0C6X7-PRO_0000037315,Q96FK6,Non-structural protein 8
SARS-CoV-1,Nsp8,ZNF346,P0C6X7-PRO_0000037315,Q9UL40,Non-structural protein 8
SARS-CoV-1,Nsp9,CMTR1,P0C6X7-PRO_0000037316,Q8N1G2,Viral protein genome-linked nsp9
SARS-CoV-1,Nsp9,DCAF7,P0C6X7-PRO_0000037316,P61962,Viral protein genome-linked nsp9
SARS-CoV-1,Nsp9,EIF2B1,P0C6X7-PRO_0000037316,Q14232,Viral protein genome-linked nsp9
SARS-CoV-1,Nsp9,FBN2,P0C6X7-PRO_0000037316,P35556,Viral protein genome-linked nsp9
SARS-CoV-1,Nsp9,MIB1,P0C6X7-PRO_0000037316,Q86YT6,Viral protein genome-linked nsp9
SARS-CoV-1,Nsp9,NEK9,P0C6X7-PRO_0000037316,Q8TD19,Viral protein genome-linked nsp9
SARS-CoV-1,Nsp9,SPART,P0C6X7-PRO_0000037316,Q8N0X7,Viral protein genome-linked nsp9
SARS-CoV-1,Nsp9,TK2,P0C6X7-PRO_0000037316,O00142,Viral protein genome-linked nsp9
SARS-CoV-1,Orf3a,ACSL3,P59632,O95573,ORF3a protein
SARS-CoV-1,Orf3a,CLCC1,P59632,Q96S66,ORF3a protein
SARS-CoV-1,Orf3a,TFG,P59632,Q92734,ORF3a protein
SARS-CoV-1,Orf6,FUNDC2,P59634,Q9BWH2,ORF6 protein
SARS-CoV-1,Orf6,NUP214,P59634,P35658,ORF6 protein
SARS-CoV-1,Orf6,NUP98,P59634,P52948,ORF6 protein
SARS-CoV-1,Orf6,PBXIP1,P59634,Q96AQ6,ORF6 protein
SARS-CoV-1,Orf6,PLGRKT,P59634,Q9HBL7,ORF6 protein
SARS-CoV-1,Orf6,RAE1,P59634,P78406,ORF6 protein
SARS-CoV-1,Orf7a,BZW1,P59635,Q7L1Q6,ORF7a protein
SARS-CoV-1,Orf7a,BZW2,P59635,Q9Y6E2,ORF7a protein
SARS-CoV-1,Orf7a,COPG1,P59635,Q9Y678,ORF7a protein
SARS-CoV-1,Orf7a,ECPAS,P59635,Q5VYK3,ORF7a protein
SARS-CoV-1,Orf7a,GCN1,P59635,Q92616,ORF7a protein
SARS-CoV-1,Orf7a,HEATR3,P59635,Q7Z4Q2,ORF7a protein
SARS-CoV-1,Orf7a,MTOR,P59635,P42345,ORF7a protein
SARS-CoV-1,Orf7a,NSF,P59635,P46459,ORF7a protein
SARS-CoV-1,Orf7a,PLAA,P59635,Q9Y263,ORF7a protein
SARS-CoV-1,Orf7a,TNPO2,P59635,O14787,ORF7a protein
SARS-CoV-1,Orf7a,UTP20,P59635,O75691,ORF7a protein
SARS-CoV-1,Orf8,CALR,Q7TFA0,P27797,ORF8a protein
SARS-CoV-1,Orf8,COLGALT1,Q7TFA0,Q8NBJ5,ORF8a protein
SARS-CoV-1,Orf8,EMC1,Q7TFA0,Q8N766,ORF8a protein
SARS-CoV-1,Orf8,EMC2,Q7TFA0,Q15006,ORF8a protein
SARS-CoV-1,Orf8,EMC7,Q7TFA0,Q9NPA0,ORF8a protein
SARS-CoV-1,Orf8,ERO1A,Q7TFA0,Q96HE7,ORF8a protein
SARS-CoV-1,Orf8,ERP44,Q7TFA0,Q9BS26,ORF8a protein
SARS-CoV-1,Orf8,FKBP10,Q7TFA0,Q96AY3,ORF8a protein
SARS-CoV-1,Orf8,MTIF2,Q80H93,P46199,ORF8b protein
SARS-CoV-1,Orf8,NENF,Q7TFA0,Q9UMX5,ORF8a protein
SARS-CoV-1,Orf8,P4HB,Q7TFA0,P07237,ORF8a protein
SARS-CoV-1,Orf8,PDIA4,Q7TFA0,P13667,ORF8a protein
SARS-CoV-1,Orf8,PEX19,Q7TFA0,P40855,ORF8a protein
SARS-CoV-1,Orf8,PITRM1,Q80H93,Q5JRX3,ORF8b protein
SARS-CoV-1,Orf8,PLOD1,Q7TFA0,Q02809,ORF8a protein
SARS-CoV-1,Orf8,PLOD3,Q7TFA0,O60568,ORF8a protein
SARS-CoV-1,Orf8,PMPCA,Q80H93,Q10713,ORF8b protein
SARS-CoV-1,Orf8,PMPCB,Q80H93,O75439,ORF8b protein
SARS-CoV-1,Orf8,POFUT1,Q7TFA0,Q9H488,ORF8a protein
SARS-CoV-1,Orf8,TMEM214,Q7TFA0,Q6NUQ4,ORF8a protein
SARS-CoV-1,Orf8,UGGT1,Q7TFA0,Q9NYU2,ORF8a protein
SARS-CoV-1,Orf8,UQCC1,Q7TFA0,Q9NVA1,ORF8a protein
SARS-CoV-1,Orf8,UQCC2,Q7TFA0,Q9BRT2,ORF8a protein
SARS-CoV-1,Orf8,UQCC4,Q7TFA0,Q4G0I0,ORF8a protein
SARS-CoV-1,Orf9b,BAG3,P59636,O95817,ORF9b protein
SARS-CoV-1,Orf9b,BAG5,P59636,Q9UL15,ORF9b protein
SARS-CoV-1,Orf9b,CHORDC1,P59636,Q9UHD1,ORF9b protein
SARS-CoV-1,Orf9b,DTWD2,P59636,Q8NBA8,ORF9b protein
SARS-CoV-1,Orf9b,FHL2,P59636,Q14192,ORF9b protein
SARS-CoV-1,Orf9b,FHL3,P59636,Q13643,ORF9b protein
SARS-CoV-1,Orf9b,HDLBP,P59636,Q00341,ORF9b protein
SARS-CoV-1,Orf9b,MAD2L1BP,P59636,Q15013,ORF9b protein
SARS-CoV-1,Orf9b,MARK1,P59636,Q9P0L2,ORF9b protein
SARS-CoV-1,Orf9b,MARK2,P59636,Q7KZI7,ORF9b protein
SARS-CoV-1,Orf9b,MARK3,P59636,P27448,ORF9b protein
SARS-CoV-1,Orf9b,PPM1A,P59636,P35813,ORF9b protein
SARS-CoV-1,Orf9b,PSMC4,P59636,P43686,ORF9b protein
SARS-CoV-1,Orf9b,RADX,P59636,Q6NSI4,ORF9b protein
SARS-CoV-1,Orf9b,SND1,P59636,Q7KZF4,ORF9b protein
SARS-CoV-1,Orf9b,STUB1,P59636,Q9UNE7,ORF9b protein
SARS-CoV-1,Orf9b,TOMM70,P59636,O94826,ORF9b protein
SARS-CoV-1,Orf9b,ZWINT,P59636,O95229,ORF9b protein
SARS-CoV-1,Orf9c,ACOX1,Q7TLC7,Q15067,Uncharacterized protein 14
SARS-CoV-1,Orf9c,AMBRA1,Q7TLC7,Q9C0C7,Uncharacterized protein 14
SARS-CoV-1,Orf9c,ARMCX3,Q7TLC7,Q9UH62,Uncharacterized protein 14
SARS-CoV-1,Orf9c,ARNT,Q7TLC7,P27540,Uncharacterized protein 14
SARS-CoV-1,Orf9c,BCS1L,Q7TLC7,Q9Y276,Uncharacterized protein 14
SARS-CoV-1,Orf9c,CHPF2,Q7TLC7,Q9P2E5,Uncharacterized protein 14
SARS-CoV-1,Orf9c,EMILIN3,Q7TLC7,Q9NT22,Uncharacterized protein 14
SARS-CoV-1,Orf9c,ESS2,Q7TLC7,Q96DF8,Uncharacterized protein 14
SARS-CoV-1,Orf9c,FBXL12,Q7TLC7,Q9NXK8,Uncharacterized protein 14
SARS-CoV-1,Orf9c,GHDC,Q7TLC7,Q8N2G8,Uncharacterized protein 14
SARS-CoV-1,Orf9c,IARS2,Q7TLC7,Q9NSE4,Uncharacterized protein 14
SARS-CoV-1,Orf9c,INTS6,Q7TLC7,Q9UL03,Uncharacterized protein 14
SARS-CoV-1,Orf9c,INTS6L,Q7TLC7,Q5JSJ4,Uncharacterized protein 14
SARS-CoV-1,Orf9c,MDN1,Q7TLC7,Q9NU22,Uncharacterized protein 14
SARS-CoV-1,Orf9c,MYO9A,Q7TLC7,B2RTY4,Uncharacterized protein 14
SARS-CoV-1,Orf9c,NUP54,Q7TLC7,Q7Z3B4,Uncharacterized protein 14
SARS-CoV-1,Orf9c,PAAT,Q7TLC7,Q9H8K7,Uncharacterized protein 14
SARS-CoV-1,Orf9c,PCIF1,Q7TLC7,Q9H4Z3,Uncharacterized protein 14
SARS-CoV-1,Orf9c,PICK1,Q7TLC7,Q9NRD5,Uncharacterized protein 14
SARS-CoV-1,Orf9c,POLD1,Q7TLC7,P28340,Uncharacterized protein 14
SARS-CoV-1,Orf9c,RETSAT,Q7TLC7,Q6NUM9,Uncharacterized protein 14
SARS-CoV-1,Orf9c,SNAPIN,Q7TLC7,O95295,Uncharacterized protein 14
SARS-CoV-1,Orf9c,UBR4,Q7TLC7,Q5T4S7,Uncharacterized protein 14
