bait,bait_uniprot,prey_gene,prey_uniprot
AARSD1,,ARID4B,
AARSD1,,DYNLT1,
AARSD1,,FAAP100,
AARSD1,,SPANXN3,
AARSD1,,TRIM45,
AARSD1,,ZMYND19,
AARSD1,,ZNF185,
ADPRH,,SPSB1,
AGPAT3,,ABHD16A,
AGPAT3,,AQP6,
AGPAT3,,BNIP2,
AGPAT3,,CREB3L1,
AGPAT3,,FAM133A,
AGPAT3,,GOLT1A,
AGPAT3,,HSD17B11,
AGPAT3,,HSD17B13,
AGPAT3,,MPP1,
AGPAT3,,NKAPD1,
AGPAT3,,SLC10A1,
AGPAT3,,SLC35C2,
AGPAT3,,SREK1IP1,
AGPAT3,,TMEM14B,
AGPAT3,,TMEM167B,
AGPAT3,,TMX2,
AP1B1,,AGR3,
AP1B1,,CRYBB1,
AP1B1,,FARS2,
AP1B1,,FNDC11,
AP1B1,,GPANK1,
AP1B1,,GTF2I,
AP1B1,,KIF13A,
AP1B1,,LDLRAP1,
AP1B1,,MLH1,
AP1B1,,MSGN1,
AP1B1,,MYG1,
AP1B1,,NECAP1,
AP1B1,,NUP54,
AP1B1,,POM121,
AP1B1,,PSORS1C2,
AP1B1,,RNF39,
AP1B1,,TBC1D22B,
AP1B1,,TSGA10IP,
AP1B1,,U2AF1,
APPBP2,,AADAC,
APPBP2,,ACTN1,
APPBP2,,AK3,
APPBP2,,ALDH1L1,
APPBP2,,ARMCX5,
APPBP2,,ATP13A1,
APPBP2,,BCL7A,
APPBP2,,BIN2,
APPBP2,,CCDC167,
APPBP2,,CLCN1,
APPBP2,,COL24A1,
APPBP2,,CORO2B,
APPBP2,,CST2,
APPBP2,,DOLK,
APPBP2,,DPYS,
APPBP2,,FSTL1,
APPBP2,,FXYD7,
APPBP2,,GCSAM,
APPBP2,,GPRC5C,
APPBP2,,GSTP1,
APPBP2,,HGFAC,
APPBP2,,HSD3B7,
APPBP2,,HSPA4,
APPBP2,,ITGB4,
APPBP2,,ITGB5,
APPBP2,,KLHL35,
APPBP2,,LANCL2,
APPBP2,,LUC7L2,
APPBP2,,LUZP4,
APPBP2,,MAN2B2,
APPBP2,,MCOLN1,
APPBP2,,MGAT4B,
APPBP2,,MLLT3,
APPBP2,,MMP28,
APPBP2,,MSH2,
APPBP2,,MSLN,
APPBP2,,MUL1,
APPBP2,,MYLK,
APPBP2,,NHERF1,
APPBP2,,PEX39,
APPBP2,,PNPLA5,
APPBP2,,PPIL6,
APPBP2,,PPP1R8,
APPBP2,,PSAP,
APPBP2,,RAB7B,
APPBP2,,RHEB,
APPBP2,,RILPL1,
APPBP2,,RNGTT,
APPBP2,,RRS1,
APPBP2,,SLC7A10,
APPBP2,,SNX5,
APPBP2,,SPDYE6,
APPBP2,,SYNRG,
APPBP2,,TAF11,
APPBP2,,TNP2,
APPBP2,,TRMT2A,
APPBP2,,WFIKKN1,
ARAF,,MAP2K2,
ARAF,,NRAS,
AUP1,,UBE2G2,
AVPI1,,AIRIM,
AVPI1,,CABP2,
AVPI1,,CDCA7L,
AVPI1,,CYSRT1,
AVPI1,,DGCR6L,
AVPI1,,EMD,
AVPI1,,ENKD1,
AVPI1,,GOLGA6L9,
AVPI1,,KRT31,
AVPI1,,KRTAP10-6,
AVPI1,,KRTAP10-8,
AVPI1,,LMO3,
AVPI1,,LONRF1,
AVPI1,,MDFI,
AVPI1,,MKRN3,
AVPI1,,PHF1,
AVPI1,,PPP1R16A,
AVPI1,,PRKAA2,
AVPI1,,PRKACA,
AVPI1,,RIPPLY1,
AVPI1,,RIPPLY2,
AVPI1,,SCNM1,
BCAR3,,AP1M1,
BCAR3,,CCDC57,
BCAR3,,GAS8,
BCAR3,,OSGIN1,
BCAR3,,UBASH3A,
BFAR,,UBE2K,
BPHL,,ESRRG,
BPIFA2,,AGTRAP,
BPIFA2,,CMTM6,
BRME1,,ADAMTSL4,
BRME1,,CYSRT1,
BRME1,,KRT31,
BRME1,,KRT34,
BRME1,,KRTAP10-8,
BRME1,,NOTCH2NLC,
C1QBP,,KLF1,
C1orf174,,IKZF1,
C1orf174,,MEOX2,
C1orf174,,PDIK1L,
C1orf50,,ADCY4,
C1orf50,,AHCY,
C1orf50,,CRX,
C1orf50,,EHHADH,
C1orf50,,EIF2B1,
C1orf50,,INCA1,
C1orf50,,LRP2BP,
C1orf50,,MEOX1,
C1orf50,,MEOX2,
C1orf50,,REL,
C1orf50,,TCF4,
C2orf42,,PPP1R13B,
C2orf42,,PRKAB2,
C2orf42,,TLX3,
C4orf46,,BLOC1S6,
C4orf46,,CDR2,
C4orf46,,CDR2L,
C4orf46,,HSF2BP,
C4orf46,,HUS1,
C4orf46,,KXD1,
CACNB1,,CTBP2,
CALHM6,,CBARP,
CALHM6,,HSD17B13,
CALHM6,,JAGN1,
CBX8,,ABLIM3,
CBX8,,BACH2,
CBX8,,BANP,
CBX8,,CALCOCO2,
CBX8,,CARD10,
CBX8,,CARD9,
CBX8,,CEP70,
CBX8,,DVL3,
CBX8,,FHL3,
CBX8,,FSD2,
CBX8,,FXR1,
CBX8,,GIGYF1,
CBX8,,GOLGA2,
CBX8,,GOLGA6L9,
CBX8,,GRIPAP1,
CBX8,,HMBOX1,
CBX8,,HOOK2,
CBX8,,HSF2BP,
CBX8,,IKZF1,
CBX8,,JADE2,
CBX8,,JAKMIP1,
CBX8,,KANK2,
CBX8,,KCTD9,
CBX8,,KIFC3,
CBX8,,KRT31,
CBX8,,KRT34,
CBX8,,KRT40,
CBX8,,LSM2,
CBX8,,LZTS2,
CBX8,,MB21D2,
CBX8,,MCC,
CBX8,,MDFI,
CBX8,,MID2,
CBX8,,MTUS2,
CBX8,,NAB2,
CBX8,,PHACTR1,
CBX8,,PIBF1,
CBX8,,PIH1D2,
CBX8,,PLEKHF2,
CBX8,,PNMA2,
CBX8,,PRDM6,
CBX8,,PRKAR1B,
CBX8,,RASSF3,
CBX8,,RING1,
CBX8,,SESTD1,
CBX8,,TAX1BP1,
CBX8,,TEPSIN,
CBX8,,TFIP11,
CBX8,,TRAF2,
CBX8,,TRIB3,
CBX8,,TRIM23,
CBX8,,TRIM54,
CBX8,,TSC22D4,
CBX8,,TTC23,
CBX8,,USH1G,
CBX8,,VIM,
CBX8,,ZBTB14,
CBX8,,ZBTB8A,
CBX8,,ZBTB9,
CBX8,,ZNF185,
CBX8,,ZRANB1,
CCDC6,,ANKRD23,
CCDC6,,ATF5,
CCDC6,,CENPQ,
CCDC6,,CYTH4,
CCDC6,,GAS8,
CCDC6,,HMG20A,
CCDC6,,LHX3,
CCDC6,,LRSAM1,
CCDC6,,LUZP4,
CCDC6,,MAPK7,
CCDC6,,MEOX2,
CCDC6,,MTUS2,
CCDC6,,PAX6,
CCDC6,,PIN1,
CCDC6,,RALBP1,
CCDC6,,SNAPC1,
CCDC6,,SORBS3,
CCDC6,,TFIP11,
CCDC6,,TRIM14,
CCDC6,,ZNF250,
CCDC6,,ZNF620,
CCDC6,,ZNF835,
CCDC91,,CDC37,
CCDC91,,DAPK2,
CCDC91,,LNX1,
CCDC91,,PRR5L,
CD300C,,FAM210B,
CD300C,,GPR151,
CD300C,,GPR42,
CD300C,,LEPROTL1,
CD300C,,TMEM167B,
CD300C,,UNC93A,
CDC42EP3,,COPE,
CEP290,,BBLN,
CEP290,,KIAA1328,
CEP57,,AARD,
CEP57,,ABI2,
CEP57,,ATPAF2,
CEP57,,CCDC138,
CEP57,,CCDC185,
CEP57,,CCHCR1,
CEP57,,CEP63,
CEP57,,DEUP1,
CEP57,,DISC1,
CEP57,,FBXL3,
CEP57,,GCC1,
CEP57,,HSF2BP,
CEP57,,KDM1A,
CEP57,,KLC4,
CEP57,,KRT4,
CEP57,,KRT75,
CEP57,,KRT8,
CEP57,,KRT83,
CEP57,,KRT86,
CEP57,,LMO3,
CEP57,,MAGEA2,
CEP57,,OIP5,
CEP57,,PKN1,
CEP57,,PPP1R13B,
CEP57,,RABEP1,
CEP57,,RASSF10,
CEP57,,SH3BP5L,
CEP57,,SPDEF,
CEP57,,TEX12,
CEP57,,TFIP11,
CEP57,,TSGA10,
CEP57,,TSPYL4,
CEP57,,TXLNA,
CEP57,,TXLNB,
CETN3,,AGR2,
CETN3,,CKMT2,
CETN3,,LDB2,
CETN3,,POC5,
CETN3,,RCN1,
CETN3,,SGK1,
CETN3,,SGSM1,
CETN3,,TNNI1,
CHERP,,ADAMTSL4,
CHERP,,C1orf94,
CHERP,,CLK3,
CHERP,,FASTK,
CHERP,,FIGN,
CHERP,,KRTAP11-1,
CHERP,,LASP1,
CHERP,,MAGED1,
CHERP,,RBFOX2,
CHERP,,SORBS3,
CHERP,,TLE3,
CHRNB1,,ASB6,
CSGALNACT2,,ARL13B,
CSGALNACT2,,BSND,
CSGALNACT2,,CLDN2,
CSGALNACT2,,CREB3L1,
CSGALNACT2,,CYB5R3,
CSGALNACT2,,FCGR2A,
CSGALNACT2,,GPR152,
CSGALNACT2,,HSD17B11,
CSGALNACT2,,MUC1,
CSGALNACT2,,RETREG3,
CSGALNACT2,,SLC35E3,
CSGALNACT2,,SSMEM1,
CSGALNACT2,,SYT1,
CSGALNACT2,,TMEM52B,
CSGALNACT2,,UBE2I,
CST4,,UBQLN2,
CTLA4,,CTXN3,
CTLA4,,MALL,
CTLA4,,TMEM218,
CTRC,,CYSRT1,
CTRC,,GIPC2,
CTRC,,KRT34,
CTRC,,KRTAP1-1,
CTRC,,KRTAP10-8,
CTRC,,KRTAP3-1,
CTRC,,KRTAP6-2,
CTRC,,KRTAP9-2,
CTRC,,MDFI,
CTRC,,NFKBID,
CTRC,,SPMIP9,
CTRC,,VGLL3,
CTTNBP2NL,,HSF2BP,
CTTNBP2NL,,PKNOX2,
DCTN5,,DYNLL1,
DDIT4L,,ABCB11,
DDIT4L,,ACY3,
DDIT4L,,AFMID,
DDIT4L,,AIDA,
DDIT4L,,AKT1,
DDIT4L,,ARHGEF3,
DDIT4L,,ARK2N,
DDIT4L,,ARPIN,
DDIT4L,,ASTN1,
DDIT4L,,BAG4,
DDIT4L,,BANF2,
DDIT4L,,BCL2L14,
DDIT4L,,BID,
DDIT4L,,C14orf119,
DDIT4L,,C19orf25,
DDIT4L,,C5orf22,
DDIT4L,,CABP5,
DDIT4L,,CARD9,
DDIT4L,,CATIP,
DDIT4L,,CCNH,
DDIT4L,,CCNK,
DDIT4L,,CDA,
DDIT4L,,CDC45,
DDIT4L,,CDKN2D,
DDIT4L,,CDPF1,
DDIT4L,,CENPP,
DDIT4L,,CEP19,
DDIT4L,,CHMP1A,
DDIT4L,,CLIC3,
DDIT4L,,CLK2,
DDIT4L,,CLK3,
DDIT4L,,CPNE7,
DDIT4L,,CPSF1,
DDIT4L,,CRLF3,
DDIT4L,,CRYBB1,
DDIT4L,,CSK,
DDIT4L,,CTAG1A,
DDIT4L,,CTNNA3,
DDIT4L,,DBI,
DDIT4L,,DCTPP1,
DDIT4L,,DEUP1,
DDIT4L,,DNPH1,
DDIT4L,,DUSP23,
DDIT4L,,DUSP29,
DDIT4L,,EIF4A2,
DDIT4L,,EIF4A3,
DDIT4L,,EIF4EBP1,
DDIT4L,,EIF4H,
DDIT4L,,EMILIN1,
DDIT4L,,EML3,
DDIT4L,,EMSY,
DDIT4L,,EPHB6,
DDIT4L,,EXOSC1,
DDIT4L,,EXOSC5,
DDIT4L,,EXOSC8,
DDIT4L,,FAAP20,
DDIT4L,,FADD,
DDIT4L,,FAM200C,
DDIT4L,,FHIT,
DDIT4L,,FHL2,
DDIT4L,,FKBP6,
DDIT4L,,FLNA,
DDIT4L,,GADD45G,
DDIT4L,,GEMIN6,
DDIT4L,,GET3,
DDIT4L,,GPKOW,
DDIT4L,,GRB2,
DDIT4L,,GTF2H5,
DDIT4L,,GTPBP3,
DDIT4L,,GUCA1A,
DDIT4L,,HDAC7,
DDIT4L,,HMG20A,
DDIT4L,,HSPB7,
DDIT4L,,IL36RN,
DDIT4L,,IMPDH1,
DDIT4L,,KANK2,
DDIT4L,,KCTD9,
DDIT4L,,KDM8,
DDIT4L,,KRT34,
DDIT4L,,KRTAP5-6,
DDIT4L,,LENG1,
DDIT4L,,LGALS14,
DDIT4L,,LGALS7,
DDIT4L,,LGALSL,
DDIT4L,,LMO1,
DDIT4L,,LRATD2,
DDIT4L,,LSM3,
DDIT4L,,LSM5,
DDIT4L,,LSM7,
DDIT4L,,MAGEB2,
DDIT4L,,MAP3K7CL,
DDIT4L,,MAPRE2,
DDIT4L,,MAPRE3,
DDIT4L,,MEMO1,
DDIT4L,,MIEN1,
DDIT4L,,MKRN3,
DDIT4L,,MLX,
DDIT4L,,MORF4L1,
DDIT4L,,MORF4L2,
DDIT4L,,MT1M,
DDIT4L,,MYDGF,
DDIT4L,,MYG1,
DDIT4L,,MYL6,
DDIT4L,,MYLIP,
DDIT4L,,NAA10,
DDIT4L,,NAV1,
DDIT4L,,NDEL1,
DDIT4L,,NDRG4,
DDIT4L,,NEK6,
DDIT4L,,NGB,
DDIT4L,,NHLRC4,
DDIT4L,,NIBAN1,
DDIT4L,,NME7,
DDIT4L,,NQO2,
DDIT4L,,NR2C2AP,
DDIT4L,,NUDT11,
DDIT4L,,NUDT2,
DDIT4L,,NUDT22,
DDIT4L,,PADI6,
DDIT4L,,PARVG,
DDIT4L,,PBK,
DDIT4L,,PCBP3,
DDIT4L,,PDE4C,
DDIT4L,,PFKFB1,
DDIT4L,,PITX2,
DDIT4L,,PLAA,
DDIT4L,,PLSCR4,
DDIT4L,,PM20D2,
DDIT4L,,PMVK,
DDIT4L,,POU1F1,
DDIT4L,,PPCDC,
DDIT4L,,PPP1R27,
DDIT4L,,PRKAB2,
DDIT4L,,PRPF18,
DDIT4L,,PRPF40A,
DDIT4L,,PRPS1,
DDIT4L,,PSMA1,
DDIT4L,,PSMB1,
DDIT4L,,PSMB9,
DDIT4L,,PTS,
DDIT4L,,PUF60,
DDIT4L,,RAB32,
DDIT4L,,RFC5,
DDIT4L,,RFPL3,
DDIT4L,,RNF8,
DDIT4L,,RPIA,
DDIT4L,,RPL22,
DDIT4L,,RPRD1B,
DDIT4L,,SCOC,
DDIT4L,,SCRN1,
DDIT4L,,SEC13,
DDIT4L,,SEC22A,
DDIT4L,,SEPTIN1,
DDIT4L,,SEPTIN3,
DDIT4L,,SEPTIN5,
DDIT4L,,SH2D1A,
DDIT4L,,SH2D1B,
DDIT4L,,SH3BGRL3,
DDIT4L,,SNRPA,
DDIT4L,,SNRPG,
DDIT4L,,SORL1,
DDIT4L,,SREK1IP1,
DDIT4L,,STAC3,
DDIT4L,,STK16,
DDIT4L,,STK4,
DDIT4L,,SULT2B1,
DDIT4L,,SUOX,
DDIT4L,,TARS2,
DDIT4L,,TBC1D22B,
DDIT4L,,TCF19,
DDIT4L,,TCL1A,
DDIT4L,,TCP11L1,
DDIT4L,,TEKT4,
DDIT4L,,TEX14,
DDIT4L,,TOLLIP,
DDIT4L,,TRIM69,
DDIT4L,,TRIM74,
DDIT4L,,TSEN15,
DDIT4L,,TSSK3,
DDIT4L,,TTC5,
DDIT4L,,TXN,
DDIT4L,,TXNL4A,
DDIT4L,,TYW3,
DDIT4L,,UBASH3A,
DDIT4L,,UBE2B,
DDIT4L,,UBTFL1,
DDIT4L,,VBP1,
DDIT4L,,VCX2,
DDIT4L,,VEZF1,
DDIT4L,,WHRN,
DDIT4L,,XPNPEP1,
DDIT4L,,YES1,
DDIT4L,,YOD1,
DDIT4L,,YPEL5,
DDIT4L,,ZIC1,
DDIT4L,,ZNF410,
DDIT4L,,ZNF593,
DDIT4L,,ZNF76,
DDIT4L,,ZNF765,
DDIT4L,,ZSCAN23,
DLGAP3,,DLG2,
DLGAP3,,GOLGA2,
DLGAP3,,KANK2,
DLGAP3,,KRTAP1-3,
DLGAP3,,KRTAP5-2,
DLGAP3,,MAGEA6,
DLGAP3,,MAGI2,
DNAJC17,,MEOX2,
DOK4,,INCA1,
DOK4,,PAX8,
DOK4,,PFDN5,
EEF2KMT,,HPRT1,
EEF2KMT,,IFT88,
EEF2KMT,,KIAA1328,
EEF2KMT,,LNX1,
EEF2KMT,,NR0B1,
EEF2KMT,,PRKAR1B,
EEF2KMT,,PRTFDC1,
EEF2KMT,,TRIP13,
EEF2KMT,,ZNF213,
EEF2KMT,,ZNF35,
EEF2KMT,,ZNF620,
EHMT2,,ATF7IP,
EHMT2,,EIF4A3,
EHMT2,,EPDR1,
EHMT2,,HIC2,
EHMT2,,KLF12,
EHMT2,,KLF3,
EHMT2,,MX2,
EHMT2,,NAA11,
EHMT2,,PLOD3,
EHMT2,,RD3,
EHMT2,,VEZF1,
EHMT2,,ZNF446,
EHMT2,,ZNF462,
EHMT2,,ZNF837,
EIF4EBP3,,EIF4E,
EIF6,,MEOX2,
EIF6,,MSRB3,
EIF6,,VAC14,
ELMO2,,DOCK4,
EPN3,,DAZAP2,
EPN3,,FAM168A,
EPN3,,LITAF,
EPN3,,MID1,
EPN3,,NTAQ1,
EPN3,,RNF8,
EPN3,,RPS27A,
EPN3,,TRIM26,
EXOC8,,AIMP2,
EXOC8,,ANKRD36B,
EXOC8,,ATP23,
EXOC8,,BEX2,
EXOC8,,BICRAL,
EXOC8,,BLOC1S2,
EXOC8,,BLOC1S6,
EXOC8,,BLZF1,
EXOC8,,BORCS6,
EXOC8,,CAPN3,
EXOC8,,CCHCR1,
EXOC8,,CWF19L2,
EXOC8,,DMAP1,
EXOC8,,ELL2,
EXOC8,,ESS2,
EXOC8,,FAM217B,
EXOC8,,GOLGA2,
EXOC8,,GRAMD4,
EXOC8,,GTF2E2,
EXOC8,,IHO1,
EXOC8,,IKZF3,
EXOC8,,ISY1,
EXOC8,,KIAA1217,
EXOC8,,KIFC3,
EXOC8,,KRT19,
EXOC8,,KRT34,
EXOC8,,KRT36,
EXOC8,,KRT76,
EXOC8,,LZTS1,
EXOC8,,MARCHF7,
EXOC8,,MBD3L1,
EXOC8,,MIPOL1,
EXOC8,,MTUS2,
EXOC8,,MYOZ3,
EXOC8,,NAB2,
EXOC8,,NDC80,
EXOC8,,NUP54,
EXOC8,,PBX4,
EXOC8,,PCM1,
EXOC8,,PRR35,
EXOC8,,RUSC1,
EXOC8,,SCARA5,
EXOC8,,SNAPC1,
EXOC8,,STMN3,
EXOC8,,SYCE1,
EXOC8,,SYT17,
EXOC8,,TBC1D22B,
EXOC8,,TCF12,
EXOC8,,TCF4,
EXOC8,,TFIP11,
EXOC8,,TRIM14,
EXOC8,,TRIM21,
EXOC8,,TRIM54,
EXOC8,,UQCC2,
EXOC8,,USHBP1,
EXOC8,,VPS16,
EXOC8,,VPS37B,
EXOC8,,ZC2HC1A,
EXOC8,,ZNF177,
EXOC8,,ZNF35,
EXOC8,,ZNF566,
EXOC8,,ZNF628,
EXOC8,,ZSCAN4,
EXTL3,,ATXN1,
EZH1,,EED,
FAM72D,,GOLGA7,
FAM72D,,NTAQ1,
FAM72D,,ZNF19,
FBXL19,,ABI1,
FBXL19,,ABI2,
FBXL19,,DGAT2L6,
FBXL19,,EFHC2,
FBXL19,,NCK2,
FBXL19,,PSME3,
FBXL19,,RPRM,
FBXL19,,SORBS3,
FBXL19,,TMEM239,
FBXL22,,SKP1,
FGA,,EXOC5,
FGA,,SH3BP1,
FGA,,STX1B,
FGA,,STX2,
FGA,,TFIP11,
FGA,,TMEM43,
FGA,,TPM1,
FGA,,TPM3,
FLYWCH1,,CCDC125,
FLYWCH1,,GMCL1,
FLYWCH1,,GOLGA6L9,
FLYWCH1,,HOOK2,
FLYWCH1,,HSF2BP,
FLYWCH1,,KIFC3,
FLYWCH1,,LHX2,
FLYWCH1,,MTUS2,
FLYWCH1,,PPP1R16B,
FLYWCH1,,TRAF2,
FOXD4L1,,ABI2,
FOXD4L1,,BAG3,
FOXD4L1,,BOLL,
FOXD4L1,,CARD9,
FOXD4L1,,CCDC57,
FOXD4L1,,CYSRT1,
FOXD4L1,,DAZAP2,
FOXD4L1,,EXOSC8,
FOXD4L1,,HGS,
FOXD4L1,,HMG20A,
FOXD4L1,,HNRNPK,
FOXD4L1,,KRT34,
FOXD4L1,,KRTAP12-2,
FOXD4L1,,KRTAP6-2,
FOXD4L1,,KRTAP6-3,
FOXD4L1,,MAPRE3,
FOXD4L1,,MDFI,
FOXD4L1,,PRDM6,
FOXD4L1,,PSME3,
FOXD4L1,,RBPMS2,
FOXD4L1,,TRIP6,
FOXD4L1,,WWOX,
FOXJ1,,RFX2,
GAPDHS,,ZMYND19,
GATA3,,CYSRT1,
GATA3,,KRTAP12-1,
GATA3,,KRTAP13-2,
GATA3,,KRTAP6-2,
GATA3,,KRTAP6-3,
GATA3,,PLEKHG4,
GIP,,SGTB,
GNB3,,CIDEB,
GNG4,,FHL2,
GORASP2,,ACY3,
GORASP2,,ALKBH4,
GORASP2,,APIP,
GORASP2,,ARHGEF15,
GORASP2,,ASMTL,
GORASP2,,ATP6V1G1,
GORASP2,,BTBD3,
GORASP2,,C1orf94,
GORASP2,,CARHSP1,
GORASP2,,CBLB,
GORASP2,,CBY1,
GORASP2,,CCDC90B,
GORASP2,,CDA,
GORASP2,,CDC23,
GORASP2,,CDK18,
GORASP2,,CDKN2D,
GORASP2,,CEP76,
GORASP2,,CGGBP1,
GORASP2,,CHMP1A,
GORASP2,,CNTNAP2,
GORASP2,,CRYAA,
GORASP2,,CRYAB,
GORASP2,,DCTD,
GORASP2,,DMC1,
GORASP2,,DNAJB13,
GORASP2,,DPYSL2,
GORASP2,,DUSP21,
GORASP2,,DUSP4,
GORASP2,,DYRK3,
GORASP2,,ECHDC1,
GORASP2,,EIF2B1,
GORASP2,,EMILIN3,
GORASP2,,ETHE1,
GORASP2,,EURL,
GORASP2,,FIG4,
GORASP2,,GABPB2,
GORASP2,,GNG7,
GORASP2,,GNGT1,
GORASP2,,GOLGA6L2,
GORASP2,,GSTZ1,
GORASP2,,GTF2IRD1,
GORASP2,,HOXC5,
GORASP2,,IFT25,
GORASP2,,KCTD13,
GORASP2,,KCTD7,
GORASP2,,KCTD9,
GORASP2,,KIFC3,
GORASP2,,KRTAP5-11,
GORASP2,,LONRF1,
GORASP2,,MAP1LC3B,
GORASP2,,MATN4,
GORASP2,,MID2,
GORASP2,,MIEN1,
GORASP2,,MPLKIP,
GORASP2,,MSC,
GORASP2,,MYOM3,
GORASP2,,NHSL2,
GORASP2,,NMNAT1,
GORASP2,,NQO2,
GORASP2,,NUDT5,
GORASP2,,ODC1,
GORASP2,,PCBD1,
GORASP2,,PNMA5,
GORASP2,,PRKAB2,
GORASP2,,PRPS1,
GORASP2,,PSMD6,
GORASP2,,RAB27B,
GORASP2,,RAB39A,
GORASP2,,RBM46,
GORASP2,,RGL2,
GORASP2,,RPIA,
GORASP2,,SCAND1,
GORASP2,,SEPTIN1,
GORASP2,,SEPTIN14,
GORASP2,,TAGLN,
GORASP2,,TLE5,
GORASP2,,TP53RK,
GORASP2,,TPH1,
GORASP2,,TRAF1,
GORASP2,,TRAF2,
GORASP2,,TRAPPC6A,
GORASP2,,TRIM38,
GORASP2,,TRPT1,
GORASP2,,TSC22D1,
GORASP2,,TSEN15,
GORASP2,,TSN,
GORASP2,,TTC19,
GORASP2,,TXLNA,
GORASP2,,UBE2Z,
GORASP2,,UBL3,
GORASP2,,VPS37B,
GORASP2,,VPS52,
GORASP2,,XPNPEP1,
GORASP2,,ZBED1,
GORASP2,,ZMYND19,
GORASP2,,ZNF148,
GPRASP2,,CAVIN3,
GPRASP2,,CCDC146,
GPRASP2,,CFAP206,
GPRASP2,,EFCAB3,
GPRASP2,,FAM124B,
GPRASP2,,FCHSD2,
GPRASP2,,GADD45GIP1,
GPRASP2,,MBD3L2,
GPRASP2,,PIH1D2,
GPRASP2,,PLAC9,
GPRASP2,,RABGEF1,
GPRASP2,,REX1BD,
GPRASP2,,RHPN1,
GPRASP2,,RNF8,
GPRASP2,,SAPCD2,
GPRASP2,,SEZ6L,
GPRASP2,,SH2D4A,
GPRASP2,,SREK1,
GPRASP2,,TBRG4,
GPRASP2,,TCF25,
GPRASP2,,TTC23,
GPRASP2,,TXN2,
GPRASP2,,USP20,
GPRASP2,,ZC2HC1C,
GPSM3,,ACMSD,
GPSM3,,ANKRD33,
GPSM3,,ASB15,
GPSM3,,BATF2,
GPSM3,,BMF,
GPSM3,,C9orf57,
GPSM3,,CHRDL2,
GPSM3,,COA7,
GPSM3,,CTAG1A,
GPSM3,,FAM86C1P,
GPSM3,,GATAD2B,
GPSM3,,GNAI1,
GPSM3,,GNAI3,
GPSM3,,HELT,
GPSM3,,HIGD2B,
GPSM3,,HSF2BP,
GPSM3,,IQCE,
GPSM3,,IVD,
GPSM3,,KCNJ5-AS1,
GPSM3,,KRTAP11-1,
GPSM3,,KRTAP13-3,
GPSM3,,KRTAP19-4,
GPSM3,,MBD3L1,
GPSM3,,NR0B2,
GPSM3,,PRR5,
GPSM3,,RIPK4,
GPSM3,,RSPO4,
GPSM3,,SPAG8,
GPSM3,,SPMIP5,
GPSM3,,SPRY3,
GPSM3,,STXBP5L,
GPSM3,,TEX11,
GPSM3,,UFSP1,
GPSM3,,YWHAZ,
GPSM3,,ZNF20,
GPSM3,,ZNF581,
GSTM4,,GSTM3,
GSTM4,,GSTM5,
GTF3C6,,SPATC1L,
GTPBP4,,COPB1,
H1-7,,H2BC15,
H1-7,,MEOX2,
HOXA1,,ADAM12,
HOXA1,,ADAMTSL4,
HOXA1,,AGXT,
HOXA1,,ALPP,
HOXA1,,AMMECR1,
HOXA1,,AMOT,
HOXA1,,ANKS1A,
HOXA1,,ARID5A,
HOXA1,,ARMC7,
HOXA1,,ATG9B,
HOXA1,,ATP23,
HOXA1,,BAG4,
HOXA1,,BAHD1,
HOXA1,,BATF2,
HOXA1,,BLCAP,
HOXA1,,BLZF1,
HOXA1,,BSCL2,
HOXA1,,BUD31,
HOXA1,,CATSPER1,
HOXA1,,CCDC120,
HOXA1,,CCN3,
HOXA1,,CCN5,
HOXA1,,CCNK,
HOXA1,,CD164,
HOXA1,,CDPF1,
HOXA1,,CERCAM,
HOXA1,,CFAP68,
HOXA1,,CFP,
HOXA1,,CHIC2,
HOXA1,,CHRDL2,
HOXA1,,CNFN,
HOXA1,,CNNM3,
HOXA1,,COL8A1,
HOXA1,,CREB5,
HOXA1,,CUTA,
HOXA1,,CXCL16,
HOXA1,,CYP21A2,
HOXA1,,CYSRT1,
HOXA1,,DOCK2,
HOXA1,,DOCK3,
HOXA1,,DOK3,
HOXA1,,DTX2,
HOXA1,,DUSP10,
HOXA1,,EFEMP1,
HOXA1,,EGFL7,
HOXA1,,ENKD1,
HOXA1,,EPDR1,
HOXA1,,ESM1,
HOXA1,,ESR2,
HOXA1,,EVA1B,
HOXA1,,FAAP100,
HOXA1,,FAM219B,
HOXA1,,FAM221A,
HOXA1,,FBLN1,
HOXA1,,FHL3,
HOXA1,,FHL5,
HOXA1,,FOXH1,
HOXA1,,FOXN1,
HOXA1,,FRS3,
HOXA1,,FST,
HOXA1,,FUCA2,
HOXA1,,GAS8,
HOXA1,,GATA1,
HOXA1,,GCM2,
HOXA1,,GDF15,
HOXA1,,GNE,
HOXA1,,GPRASP3,
HOXA1,,GPS2,
HOXA1,,GRN,
HOXA1,,GSTP1,
HOXA1,,GUCD1,
HOXA1,,HEXB,
HOXA1,,HEXIM2,
HOXA1,,HEY2,
HOXA1,,HOXB9,
HOXA1,,HSD3B7,
HOXA1,,ID3,
HOXA1,,IGFL1,
HOXA1,,IGFN1,
HOXA1,,INCA1,
HOXA1,,INO80B,
HOXA1,,IRX6,
HOXA1,,ITGB4,
HOXA1,,KCTD9,
HOXA1,,KPRP,
HOXA1,,KRT31,
HOXA1,,KRT33B,
HOXA1,,KRT34,
HOXA1,,KRT35,
HOXA1,,KRT37,
HOXA1,,KRT38,
HOXA1,,KRT81,
HOXA1,,KRT82,
HOXA1,,KRT83,
HOXA1,,KRTAP1-1,
HOXA1,,KRTAP1-3,
HOXA1,,KRTAP1-5,
HOXA1,,KRTAP10-10,
HOXA1,,KRTAP10-11,
HOXA1,,KRTAP10-4,
HOXA1,,KRTAP10-5,
HOXA1,,KRTAP10-7,
HOXA1,,KRTAP10-8,
HOXA1,,KRTAP10-9,
HOXA1,,KRTAP11-1,
HOXA1,,KRTAP12-1,
HOXA1,,KRTAP12-3,
HOXA1,,KRTAP12-4,
HOXA1,,KRTAP13-2,
HOXA1,,KRTAP13-3,
HOXA1,,KRTAP13-4,
HOXA1,,KRTAP15-1,
HOXA1,,KRTAP19-6,
HOXA1,,KRTAP19-7,
HOXA1,,KRTAP23-1,
HOXA1,,KRTAP26-1,
HOXA1,,KRTAP3-3,
HOXA1,,KRTAP4-1,
HOXA1,,KRTAP4-11,
HOXA1,,KRTAP4-12,
HOXA1,,KRTAP4-4,
HOXA1,,KRTAP4-5,
HOXA1,,KRTAP5-11,
HOXA1,,KRTAP5-2,
HOXA1,,KRTAP5-3,
HOXA1,,KRTAP5-4,
HOXA1,,KRTAP5-6,
HOXA1,,KRTAP5-9,
HOXA1,,KRTAP6-1,
HOXA1,,KRTAP6-2,
HOXA1,,KRTAP6-3,
HOXA1,,KRTAP9-2,
HOXA1,,KRTAP9-3,
HOXA1,,KRTAP9-8,
HOXA1,,LASP1,
HOXA1,,LCE1A,
HOXA1,,LCE1B,
HOXA1,,LCE1C,
HOXA1,,LCE1D,
HOXA1,,LCE1F,
HOXA1,,LCE2A,
HOXA1,,LCE2B,
HOXA1,,LCE2C,
HOXA1,,LCE2D,
HOXA1,,LCE3C,
HOXA1,,LCE4A,
HOXA1,,LCE5A,
HOXA1,,LGALS13,
HOXA1,,LGALS4,
HOXA1,,LMX1B,
HOXA1,,LNX1,
HOXA1,,LONRF1,
HOXA1,,MACO1,
HOXA1,,MAPKBP1,
HOXA1,,MDFI,
HOXA1,,MFAP2,
HOXA1,,MKRN3,
HOXA1,,MYO15B,
HOXA1,,MYPOP,
HOXA1,,NCK2,
HOXA1,,NECTIN2,
HOXA1,,NEDD9,
HOXA1,,NEK6,
HOXA1,,NELL2,
HOXA1,,NFKBID,
HOXA1,,NOTCH2NLC,
HOXA1,,NR1D2,
HOXA1,,NTN4,
HOXA1,,NXF1,
HOXA1,,ODF1,
HOXA1,,OIT3,
HOXA1,,P2RY6,
HOXA1,,PAX6,
HOXA1,,PCSK5,
HOXA1,,PCYOX1,
HOXA1,,PHETA1,
HOXA1,,PIN1,
HOXA1,,PITX1,
HOXA1,,PITX2,
HOXA1,,PLEKHN1,
HOXA1,,PLLP,
HOXA1,,PLSCR2,
HOXA1,,PLSCR3,
HOXA1,,PLSCR4,
HOXA1,,PROP1,
HOXA1,,PSMB1,
HOXA1,,PTH1R,
HOXA1,,PVR,
HOXA1,,QARS1,
HOXA1,,RALGDS,
HOXA1,,RBP3,
HOXA1,,RGS17,
HOXA1,,RGS19,
HOXA1,,RNF208,
HOXA1,,RSPO2,
HOXA1,,RTN4R,
HOXA1,,SAXO4,
HOXA1,,SCT,
HOXA1,,SDCBP,
HOXA1,,SIVA1,
HOXA1,,SLC15A3,
HOXA1,,SLC23A1,
HOXA1,,SLIT1,
HOXA1,,SLPI,
HOXA1,,SNRPB,
HOXA1,,SNRPC,
HOXA1,,SPATA12,
HOXA1,,SPATA18,
HOXA1,,SPRY1,
HOXA1,,SPRY3,
HOXA1,,SPRY4,
HOXA1,,SSUH2,
HOXA1,,STX11,
HOXA1,,TBC1D10C,
HOXA1,,TBX15,
HOXA1,,TCF19,
HOXA1,,TEKT4,
HOXA1,,TEKT5,
HOXA1,,TGFB1,
HOXA1,,TGM7,
HOXA1,,THAP7,
HOXA1,,TLE5,
HOXA1,,TMEM276,
HOXA1,,TNS2,
HOXA1,,TRAF2,
HOXA1,,TRAF4,
HOXA1,,TRIM42,
HOXA1,,TRIM8,
HOXA1,,TSPAN4,
HOXA1,,UBL5,
HOXA1,,UNKL,
HOXA1,,VASN,
HOXA1,,VWC2,
HOXA1,,VWC2L,
HOXA1,,WDR83,
HOXA1,,WWOX,
HOXA1,,ZBTB16,
HOXA1,,ZIM2,
HOXA1,,ZNF417,
HOXA1,,ZNF587,
HOXA1,,ZNF688,
HOXA1,,ZNF837,
HOXA1,,ZNF843,
HR,,ABHD11,
HR,,ACTMAP,
HR,,AMMECR1,
HR,,ATP23,
HR,,CFAP68,
HR,,CNFN,
HR,,CYSRT1,
HR,,FAM168A,
HR,,GEMIN4,
HR,,INCA1,
HR,,KLHL20,
HR,,KRTAP11-1,
HR,,KRTAP13-2,
HR,,KRTAP15-1,
HR,,KRTAP3-1,
HR,,KRTAP3-3,
HR,,KRTAP6-3,
HR,,PLA2G10,
HR,,RBP3,
HR,,SPAG8,
HR,,SPRY3,
HR,,TSC1,
HR,,ZMYND12,
HSBP1,,BLOC1S5,
HSBP1,,BRK1,
HSBP1,,CCHCR1,
HSBP1,,CYSRT1,
HSBP1,,KIFC3,
HSBP1,,KRTAP1-1,
HSBP1,,KRTAP10-9,
HSBP1,,LNX1,
HSBP1,,MPP7,
HSBP1,,SDCBP,
HSBP1,,SDCBP2,
HSBP1,,WASHC3,
HSBP1,,ZBTB25,
ITGB1BP1,,DLD,
ITGB1BP1,,RHOH,
ITGB3BP,,ANKRD11,
ITGB3BP,,C14orf119,
ITGB3BP,,EFHC1,
ITGB3BP,,GTPBP3,
ITGB3BP,,HSF2BP,
ITGB3BP,,KIAA0930,
ITGB3BP,,KIFC3,
ITGB3BP,,MAPK9,
ITGB3BP,,MEIS2,
ITGB3BP,,MEOX2,
ITGB3BP,,MSGN1,
ITGB3BP,,NRDE2,
ITGB3BP,,NTAQ1,
ITGB3BP,,PBX3,
ITGB3BP,,PIH1D2,
ITGB3BP,,PIK3R3,
ITGB3BP,,SNAPC5,
ITGB3BP,,SUOX,
ITGB3BP,,TRIML2,
ITGB3BP,,USHBP1,
ITGB3BP,,USP20,
KCNA3,,DOLK,
KCNA3,,KCNA1,
KHK,,LHX2,
KLHL11,,IHO1,
KLHL11,,POU6F2,
KLHL11,,UBQLN2,
KRTAP2-4,,ADAMTSL3,
KRTAP2-4,,BAHD1,
KRTAP2-4,,BCL6B,
KRTAP2-4,,BEX2,
KRTAP2-4,,C11orf87,
KRTAP2-4,,CATSPER1,
KRTAP2-4,,CHIC2,
KRTAP2-4,,CREB5,
KRTAP2-4,,CTSZ,
KRTAP2-4,,CXCL16,
KRTAP2-4,,CYSRT1,
KRTAP2-4,,DHX57,
KRTAP2-4,,DMRT3,
KRTAP2-4,,FAM161A,
KRTAP2-4,,GEMIN4,
KRTAP2-4,,GGN,
KRTAP2-4,,HAPLN2,
KRTAP2-4,,HHEX,
KRTAP2-4,,HOXB9,
KRTAP2-4,,IGSF8,
KRTAP2-4,,ITGB4,
KRTAP2-4,,JOSD1,
KRTAP2-4,,KLHL38,
KRTAP2-4,,KRTAP1-1,
KRTAP2-4,,KRTAP12-4,
KRTAP2-4,,KRTAP4-11,
KRTAP2-4,,KRTAP4-12,
KRTAP2-4,,KRTAP4-4,
KRTAP2-4,,KRTAP5-11,
KRTAP2-4,,KRTAP5-2,
KRTAP2-4,,KRTAP5-9,
KRTAP2-4,,KRTAP9-2,
KRTAP2-4,,KRTAP9-3,
KRTAP2-4,,KRTAP9-8,
KRTAP2-4,,LCE1B,
KRTAP2-4,,LCE1D,
KRTAP2-4,,LCE1E,
KRTAP2-4,,LCE1F,
KRTAP2-4,,LCE2A,
KRTAP2-4,,LCE2B,
KRTAP2-4,,LCE2C,
KRTAP2-4,,LCE2D,
KRTAP2-4,,LCE3A,
KRTAP2-4,,LCE3C,
KRTAP2-4,,LCE3D,
KRTAP2-4,,LNX1,
KRTAP2-4,,MCRS1,
KRTAP2-4,,MOBP,
KRTAP2-4,,NKD1,
KRTAP2-4,,NOTCH2NLC,
KRTAP2-4,,NPDC1,
KRTAP2-4,,NUFIP2,
KRTAP2-4,,OTX1,
KRTAP2-4,,P2RY6,
KRTAP2-4,,PHLDA1,
KRTAP2-4,,PIGS,
KRTAP2-4,,PRKAB2,
KRTAP2-4,,RHBDL1,
KRTAP2-4,,SDC3,
KRTAP2-4,,SHFL,
KRTAP2-4,,SPATA3,
KRTAP2-4,,SPRED2,
KRTAP2-4,,TFAP2D,
KRTAP2-4,,TNP2,
KRTAP2-4,,TRIM42,
KRTAP2-4,,TTPA,
KRTAP2-4,,VASN,
KRTAP2-4,,VWC2,
KRTAP2-4,,YY1,
KRTAP2-4,,ZBTB24,
KRTAP2-4,,ZDHHC1,
KRTAP2-4,,ZIM2,
KRTAP2-4,,ZNF165,
KRTAP2-4,,ZNF264,
KRTAP2-4,,ZNF440,
KRTAP2-4,,ZNF491,
KRTAP2-4,,ZNF524,
KRTAP2-4,,ZNF564,
KRTAP2-4,,ZNF575,
KRTAP2-4,,ZNF578,
KRTAP2-4,,ZNF581,
KRTAP2-4,,ZNF587,
KRTAP2-4,,ZNF672,
KRTAP2-4,,ZNF764,
KRTAP2-4,,ZNF792,
KRTAP4-2,,ADAMTSL4,
KRTAP4-2,,ANKS1A,
KRTAP4-2,,AQP1,
KRTAP4-2,,BAG4,
KRTAP4-2,,CATSPER1,
KRTAP4-2,,CCER1,
KRTAP4-2,,CELF5,
KRTAP4-2,,CHRD,
KRTAP4-2,,CRCT1,
KRTAP4-2,,CREB5,
KRTAP4-2,,CRY2,
KRTAP4-2,,CYP21A2,
KRTAP4-2,,CYSRT1,
KRTAP4-2,,GUCD1,
KRTAP4-2,,HOXB9,
KRTAP4-2,,ITGB4,
KRTAP4-2,,KPRP,
KRTAP4-2,,KRTAP1-3,
KRTAP4-2,,KRTAP1-5,
KRTAP4-2,,KRTAP10-5,
KRTAP4-2,,KRTAP10-6,
KRTAP4-2,,KRTAP10-8,
KRTAP4-2,,KRTAP11-1,
KRTAP4-2,,KRTAP12-2,
KRTAP4-2,,KRTAP12-3,
KRTAP4-2,,KRTAP26-1,
KRTAP4-2,,KRTAP3-3,
KRTAP4-2,,KRTAP4-4,
KRTAP4-2,,KRTAP4-5,
KRTAP4-2,,KRTAP5-2,
KRTAP4-2,,KRTAP5-3,
KRTAP4-2,,KRTAP5-6,
KRTAP4-2,,KRTAP5-7,
KRTAP4-2,,KRTAP5-9,
KRTAP4-2,,KRTAP9-2,
KRTAP4-2,,KRTAP9-3,
KRTAP4-2,,KRTAP9-8,
KRTAP4-2,,LCE1A,
KRTAP4-2,,LCE1B,
KRTAP4-2,,LCE1C,
KRTAP4-2,,LCE1D,
KRTAP4-2,,LCE1E,
KRTAP4-2,,LCE2A,
KRTAP4-2,,LCE2B,
KRTAP4-2,,LCE2C,
KRTAP4-2,,LCE2D,
KRTAP4-2,,LCE3A,
KRTAP4-2,,LCE3B,
KRTAP4-2,,LCE3C,
KRTAP4-2,,LCE3D,
KRTAP4-2,,LCE3E,
KRTAP4-2,,LCE4A,
KRTAP4-2,,LCE5A,
KRTAP4-2,,LNX1,
KRTAP4-2,,MAFB,
KRTAP4-2,,MEOX2,
KRTAP4-2,,NOTCH2NLC,
KRTAP4-2,,NR1D2,
KRTAP4-2,,NR4A3,
KRTAP4-2,,NUFIP2,
KRTAP4-2,,OXER1,
KRTAP4-2,,PHLDA1,
KRTAP4-2,,PLSCR4,
KRTAP4-2,,POU4F2,
KRTAP4-2,,RGS20,
KRTAP4-2,,VASN,
KRTAP4-2,,VGLL3,
KRTAP4-2,,YY1,
LGALS2,,NTAQ1,
LGALS2,,SDCBP,
LGALS2,,SDCBP2,
LRATD1,,ARHGEF5,
LRATD1,,CYGB,
LRRC25,,AGPAT4,
LRRC25,,ANKRD46,
LRRC25,,APOL3,
LRRC25,,ATP6V0C,
LRRC25,,BMP10,
LRRC25,,BRICD5,
LRRC25,,CD72,
LRRC25,,CLDN19,
LRRC25,,CLEC1A,
LRRC25,,CLN6,
LRRC25,,CLRN2,
LRRC25,,CNIH3,
LRRC25,,CXCL9,
LRRC25,,DEFB121,
LRRC25,,EDDM3B,
LRRC25,,FAM3C,
LRRC25,,FATE1,
LRRC25,,FPR2,
LRRC25,,GPRC5D,
LRRC25,,LHFPL5,
LRRC25,,MAL,
LRRC25,,OPRM1,
LRRC25,,PKMYT1,
LRRC25,,PNLIPRP1,
LRRC25,,SEC22A,
LRRC25,,SEC61G,
LRRC25,,SMCO4,
LRRC25,,SPNS3,
LRRC25,,TMEM120A,
LRRC25,,TMEM201,
LRRC25,,TNF,
LRRC25,,TRAF3IP3,
LRRC25,,TSPAN4,
LRRC25,,TTMP,
LRRC25,,VAMP5,
LRRC25,,YIPF6,
LSM14B,,HOMER3,
LSM14B,,NTAQ1,
LSM14B,,TCEANC,
LY6D,,AQP6,
LY6D,,ELOVL4,
LY6D,,TMEM86B,
MFI,,ATOSB,
MFSD11,,FXYD3,
MFSD11,,GJA8,
MFSD11,,GJB3,
MFSD11,,LAYN,
MFSD11,,PIK3IP1,
MFSD11,,PVR,
MFSD14B,,ADIPOQ,
MFSD14B,,AGPAT4,
MFSD14B,,ARL6IP1,
MFSD14B,,ARLN,
MFSD14B,,ATP13A1,
MFSD14B,,BNIP3,
MFSD14B,,CCL4L1,
MFSD14B,,CFHR5,
MFSD14B,,CLDN4,
MFSD14B,,CMTM3,
MFSD14B,,COMT,
MFSD14B,,CYB5B,
MFSD14B,,CYBC1,
MFSD14B,,DEFB127,
MFSD14B,,EMC6,
MFSD14B,,ERG28,
MFSD14B,,FKBP8,
MFSD14B,,FMO1,
MFSD14B,,FUNDC2,
MFSD14B,,GIMAP1,
MFSD14B,,GOSR2,
MFSD14B,,GRM2,
MFSD14B,,KTN1,
MFSD14B,,LAT,
MFSD14B,,LEPROTL1,
MFSD14B,,LRP10,
MFSD14B,,MGLL,
MFSD14B,,MS4A1,
MFSD14B,,NAT8,
MFSD14B,,NRAC,
MFSD14B,,ORMDL1,
MFSD14B,,PEX16,
MFSD14B,,PKMYT1,
MFSD14B,,PPGB,
MFSD14B,,PRRT2,
MFSD14B,,RNF24,
MFSD14B,,SACM1L,
MFSD14B,,SCD,
MFSD14B,,SERP1,
MFSD14B,,SERP2,
MFSD14B,,SLC25A46,
MFSD14B,,SLC39A9,
MFSD14B,,SLC66A2,
MFSD14B,,SMAGP,
MFSD14B,,STX3,
MFSD14B,,TECR,
MFSD14B,,THSD7B,
MFSD14B,,TIMMDC1,
MFSD14B,,TMEM167B,
MFSD14B,,TMEM176A,
MFSD14B,,TMEM19,
MFSD14B,,TMEM208,
MFSD14B,,TMEM229B,
MFSD14B,,TMEM239,
MFSD14B,,TMX2,
MFSD14B,,TPRG1,
MFSD14B,,TREX1,
MFSD14B,,TSNARE1,
MFSD14B,,TUSC5,
MFSD14B,,UBE2J1,
MFSD14B,,UNC50,
MFSD14B,,USE1,
MFSD14B,,YIPF1,
MFSD14B,,YIPF2,
MFSD14B,,YIPF4,
MFSD14B,,YIPF6,
MFSD14B,,ZDHHC24,
MFSD14B,,ZFPL1,
MOB1A,,GMEB2,
MOB1A,,IKZF4,
MOB1A,,KANK2,
MOB1A,,KXD1,
MOB1A,,LZTFL1,
MOB1A,,PCYT1A,
MOB1A,,SEPTIN3,
MOB1A,,TDO2,
MOB1A,,TMEM190,
MOB1A,,TRIM32,
MOB1A,,WASHC3,
MOB3C,,IKZF4,
MOB3C,,KANK2,
MOB3C,,PCYT1A,
MOB3C,,PTPN21,
MPP3,,BTBD1,
MPP3,,LIN7A,
MPP3,,LIN7B,
MPP3,,LIN7C,
MPP3,,PKNOX1,
MPP3,,ZNF655,
MRPL32,,PRDM14,
MRPL54,,MRPL11,
MYEF2,,GOLGA2,
MYEF2,,LNX1,
MYEF2,,NFKBID,
MYEF2,,OIP5,
MYEF2,,PLEKHG4,
MYEF2,,TRIM23,
MYEF2,,ZRANB1,
MYOT,,ACTN3,
MYOT,,PFDN5,
NAF1,,BOLL,
NAF1,,DAZAP2,
NAF1,,ELOA,
NAF1,,FAM168A,
NAF1,,FUBP1,
NAF1,,HERPUD2,
NAF1,,KRTAP19-3,
NAF1,,KRTAP19-7,
NAF1,,KRTAP6-1,
NAF1,,KRTAP6-2,
NAF1,,MAGED1,
NAF1,,MSX2,
NAF1,,RAMAC,
NAF1,,SNX33,
NAF1,,SORBS3,
NAF1,,SS18L1,
NAF1,,TENT5B,
NAF1,,TLE5,
NAF1,,UBE2I,
NELFCD,,NELFA,
NELFCD,,NELFB,
NFIX,,MLH1,
NFIX,,QRICH1,
NONO,,C11orf68,
NRXN3,,PAX4,
NSD2,,HORMAD2,
NSD2,,PLEKHF2,
NUBPL,,KDM8,
NUBPL,,NUBP2,
NXT2,,GOLGA2,
NXT2,,GOLGA6L9,
NXT2,,IKZF3,
NXT2,,NXF2B,
NXT2,,NXF3,
NXT2,,RASSF10,
NXT2,,SSBP3,
NXT2,,TCF4,
NXT2,,ZNF655,
OARD1,,TNKS,
ODAD2,,NR4A2,
OOEP,,ABI2,
OOEP,,AIRIM,
OOEP,,ALOX5,
OOEP,,ENKD1,
OOEP,,KIF9,
OOEP,,LONRF1,
OOEP,,NTAQ1,
OOEP,,SNRPB,
OOEP,,TCEANC,
OR10G4,,B4GALT1,
OR10G4,,RPL12,
P4HA3,,ACOT8,
P4HA3,,ADRA2C,
P4HA3,,ATN1,
P4HA3,,B9D2,
P4HA3,,BAG4,
P4HA3,,BLOC1S2,
P4HA3,,C1QTNF2,
P4HA3,,CERCAM,
P4HA3,,CKMT2,
P4HA3,,CLPP,
P4HA3,,CT55,
P4HA3,,CTAG1A,
P4HA3,,CTNNBIP1,
P4HA3,,FAM136A,
P4HA3,,FIRRM,
P4HA3,,GGA3,
P4HA3,,HGS,
P4HA3,,KRTAP19-5,
P4HA3,,KRTAP6-1,
P4HA3,,KRTAP8-1,
P4HA3,,LRP2BP,
P4HA3,,MAGEA2,
P4HA3,,MCCD1,
P4HA3,,MSRA,
P4HA3,,NICN1,
P4HA3,,OIP5,
P4HA3,,PROP1,
P4HA3,,PSMB4,
P4HA3,,RBFOX1,
P4HA3,,RUSC1,
P4HA3,,SCARA5,
P4HA3,,SERTAD3,
P4HA3,,STMN3,
P4HA3,,TLE5,
P4HA3,,TOX2,
P4HA3,,VPS37C,
P4HA3,,ZBTB7B,
P4HA3,,ZC3H12A,
PBX1,,BRMS1L,
PBX1,,CDCA7L,
PBX1,,EFHC1,
PBX1,,FAM90A1,
PBX1,,HOXB5,
PBX1,,HOXC5,
PBX1,,HOXC8,
PBX1,,MEIS2,
PBX1,,PIN1,
PDIA6,,GET3,
PDIA6,,SGTB,
PEX3,,PEX16,
PEX3,,PEX19,
PHC2,,FOSB,
PHC2,,HDAC7,
PHC2,,KLHDC7B,
PHC2,,KRT31,
PHC2,,MLLT6,
PHC2,,PLAGL2,
PICK1,,ABT1,
PICK1,,AEBP2,
PICK1,,AKT2,
PICK1,,ALKBH8,
PICK1,,AP1M1,
PICK1,,AP1S1,
PICK1,,ARHGEF3,
PICK1,,ARHGEF5,
PICK1,,ARL6IP1,
PICK1,,ARMCX1,
PICK1,,ATOSB,
PICK1,,ATP5IF1,
PICK1,,BAHD1,
PICK1,,BCL2L14,
PICK1,,BEX1,
PICK1,,BLK,
PICK1,,BLOC1S2,
PICK1,,BOLA3,
PICK1,,BRD1,
PICK1,,BUD31,
PICK1,,BYSL,
PICK1,,C2CD5,
PICK1,,C8orf33,
PICK1,,CARD9,
PICK1,,CCDC102B,
PICK1,,CCNH,
PICK1,,CDC42EP2,
PICK1,,CDC73,
PICK1,,CDCA7L,
PICK1,,CDK2AP1,
PICK1,,CDKL3,
PICK1,,CDKN2B,
PICK1,,CDKN2D,
PICK1,,CEP19,
PICK1,,CEP57L1,
PICK1,,CEP89,
PICK1,,CEP95,
PICK1,,CGGBP1,
PICK1,,CHMP1B,
PICK1,,CPNE2,
PICK1,,CPNE7,
PICK1,,CRY2,
PICK1,,CSNK2A2,
PICK1,,CTSG,
PICK1,,CUTC,
PICK1,,CWF19L2,
PICK1,,CYP21A2,
PICK1,,DCTD,
PICK1,,DCUN1D5,
PICK1,,DDX55,
PICK1,,DDX6,
PICK1,,DMC1,
PICK1,,DMD,
PICK1,,DNAAF19,
PICK1,,DNAJB13,
PICK1,,DNTTIP2,
PICK1,,DPF2,
PICK1,,DRAP1,
PICK1,,DTNB,
PICK1,,DUSP29,
PICK1,,EAF1,
PICK1,,EFHC2,
PICK1,,EHHADH,
PICK1,,EIF1AD,
PICK1,,EIF3D,
PICK1,,EIF4A3,
PICK1,,EIF4EBP1,
PICK1,,EIF4H,
PICK1,,EIF5A,
PICK1,,ENKD1,
PICK1,,EPM2AIP1,
PICK1,,ESCO2,
PICK1,,EXOSC5,
PICK1,,FAM161A,
PICK1,,FAM161B,
PICK1,,FAM219B,
PICK1,,FAM90A1,
PICK1,,FAM9A,
PICK1,,FBXL3,
PICK1,,FBXL8,
PICK1,,FGF16,
PICK1,,FKBP6,
PICK1,,GADD45GIP1,
PICK1,,GAS2L2,
PICK1,,GLYCTK,
PICK1,,GPATCH11,
PICK1,,GPATCH2,
PICK1,,GPC4,
PICK1,,GPKOW,
PICK1,,GRB10,
PICK1,,GRB7,
PICK1,,GRXCR1,
PICK1,,GTF2E2,
PICK1,,GTPBP2,
PICK1,,HEXIM2,
PICK1,,HMBOX1,
PICK1,,HMBS,
PICK1,,HMG20A,
PICK1,,HOPX,
PICK1,,HOXA5,
PICK1,,HSD17B14,
PICK1,,HSF2,
PICK1,,HSF2BP,
PICK1,,ID2,
PICK1,,IHO1,
PICK1,,IL16,
PICK1,,ILF2,
PICK1,,INO80B,
PICK1,,INO80E,
PICK1,,INPP5J,
PICK1,,IP6K1,
PICK1,,ISCU,
PICK1,,JRK,
PICK1,,KAT5,
PICK1,,KCTD1,
PICK1,,KCTD6,
PICK1,,KCTD9,
PICK1,,KIAA1328,
PICK1,,L3MBTL2,
PICK1,,LCLAT1,
PICK1,,LCN2,
PICK1,,LGALS14,
PICK1,,LMO1,
PICK1,,LMO3,
PICK1,,LONRF1,
PICK1,,LRRC73,
PICK1,,LZTFL1,
PICK1,,LZTS1,
PICK1,,MAGEA4,
PICK1,,MAGEB4,
PICK1,,MAP2K6,
PICK1,,MAPK9,
PICK1,,MAPRE3,
PICK1,,MAZ,
PICK1,,MBD3,
PICK1,,MCM10,
PICK1,,MEOX2,
PICK1,,MGC50722,
PICK1,,MGME1,
PICK1,,MID2,
PICK1,,MMTAG2,
PICK1,,MNS1,
PICK1,,MORF4L1,
PICK1,,MORF4L2,
PICK1,,MORN3,
PICK1,,MOS,
PICK1,,MRI1,
PICK1,,MRNIP,
PICK1,,MSRB3,
PICK1,,MSS51,
PICK1,,MTA1,
PICK1,,MTG1,
PICK1,,NATD1,
PICK1,,NDEL1,
PICK1,,NECAB2,
PICK1,,NEK6,
PICK1,,NME7,
PICK1,,NMNAT1,
PICK1,,NOC4L,
PICK1,,OPTN,
PICK1,,OSBP2,
PICK1,,OSGIN1,
PICK1,,PAFAH1B3,
PICK1,,PAX6,
PICK1,,PBX4,
PICK1,,PCBD1,
PICK1,,PDCD5,
PICK1,,PDS5A,
PICK1,,PEBP1,
PICK1,,PHF19,
PICK1,,PIBF1,
PICK1,,PKN1,
PICK1,,PKNOX2,
PICK1,,PLEKHA7,
PICK1,,PNO1,
PICK1,,POLL,
PICK1,,POLR3C,
PICK1,,PPL,
PICK1,,PRPF18,
PICK1,,PRPF31,
PICK1,,PRPF40A,
PICK1,,PSMA1,
PICK1,,PSME3,
PICK1,,PTRH1,
PICK1,,QARS1,
PICK1,,RAD51D,
PICK1,,RASAL3,
PICK1,,REEP6,
PICK1,,REL,
PICK1,,RIMS3,
PICK1,,RIN1,
PICK1,,RNF8,
PICK1,,RNPS1,
PICK1,,ROBO3,
PICK1,,ROPN1,
PICK1,,RPIA,
PICK1,,RPP25,
PICK1,,RRP8,
PICK1,,RXRB,
PICK1,,RXRG,
PICK1,,SCAND1,
PICK1,,SCNM1,
PICK1,,SEMA3B,
PICK1,,SEPTIN1,
PICK1,,SERBP1,
PICK1,,SERTAD1,
PICK1,,SERTAD3,
PICK1,,SH2D4A,
PICK1,,SH3GLB2,
PICK1,,SHFL,
PICK1,,SLIRP,
PICK1,,SLX9,
PICK1,,SMARCB1,
PICK1,,SMARCD1,
PICK1,,SNRNP25,
PICK1,,SNRPA1,
PICK1,,SNRPB2,
PICK1,,SNW1,
PICK1,,SPANXN2,
PICK1,,SPATC1L,
PICK1,,SPEG,
PICK1,,SSNA1,
PICK1,,STK4,
PICK1,,SYT17,
PICK1,,TBC1D22B,
PICK1,,TBC1D7,
PICK1,,TCEA2,
PICK1,,TCEANC,
PICK1,,TCEANC2,
PICK1,,TDO2,
PICK1,,TEX101,
PICK1,,TFIP11,
PICK1,,THAP6,
PICK1,,THAP7,
PICK1,,TLE5,
PICK1,,TLNRD1,
PICK1,,TPM4,
PICK1,,TRAF4,
PICK1,,TRAF5,
PICK1,,TRIM44,
PICK1,,TRIM54,
PICK1,,TRIML2,
PICK1,,TRMT2A,
PICK1,,TSGA10IP,
PICK1,,TSN,
PICK1,,TSTD2,
PICK1,,TTC23,
PICK1,,TTC23L,
PICK1,,TXNDC9,
PICK1,,TXNL4B,
PICK1,,TYW3,
PICK1,,UBE2E3,
PICK1,,UBE2K,
PICK1,,USHBP1,
PICK1,,USP2,
PICK1,,UTP3,
PICK1,,VAX1,
PICK1,,VEZF1,
PICK1,,VPS25,
PICK1,,WHR1,
PICK1,,WT1,
PICK1,,XPA,
PICK1,,YES1,
PICK1,,YPEL2,
PICK1,,YTHDC1,
PICK1,,ZBED1,
PICK1,,ZBTB2,
PICK1,,ZBTB24,
PICK1,,ZBTB49,
PICK1,,ZFHX3,
PICK1,,ZFP2,
PICK1,,ZFP91,
PICK1,,ZMAT2,
PICK1,,ZMYND12,
PICK1,,ZNF165,
PICK1,,ZNF17,
PICK1,,ZNF205,
PICK1,,ZNF250,
PICK1,,ZNF264,
PICK1,,ZNF276,
PICK1,,ZNF286A,
PICK1,,ZNF329,
PICK1,,ZNF330,
PICK1,,ZNF35,
PICK1,,ZNF408,
PICK1,,ZNF410,
PICK1,,ZNF414,
PICK1,,ZNF417,
PICK1,,ZNF438,
PICK1,,ZNF497,
PICK1,,ZNF524,
PICK1,,ZNF575,
PICK1,,ZNF576,
PICK1,,ZNF593,
PICK1,,ZNF624,
PICK1,,ZNF691,
PICK1,,ZNF71,
PICK1,,ZNF764,
PICK1,,ZSCAN21,
PICK1,,ZSCAN23,
PICK1,,ZZZ3,
PIERCE2,,QRICH1,
PINX1,,AIDA,
PINX1,,C14orf119,
PINX1,,EIF1AD,
PINX1,,GYS1,
PINX1,,MFAP1,
PINX1,,TNPO2,
PINX1,,UBL5,
PLEKHF1,,CAVIN2,
PLEKHF1,,CHIC2,
PLEKHF1,,L3MBTL3,
PLEKHF1,,NPM2,
PLEKHF1,,TNFAIP8,
PNKP,,CACFD1,
PNKP,,CAMK2B,
PNKP,,CARD10,
PNKP,,CCDC14,
PNKP,,CCDC43,
PNKP,,CISD2,
PNKP,,CNTROB,
PNKP,,COL17A1,
PNKP,,DVL3,
PNKP,,FADS6,
PNKP,,GAS8,
PNKP,,IKZF1,
PNKP,,KANK2,
PNKP,,KLHL12,
PNKP,,MCC,
PNKP,,MEOX2,
PNKP,,MGST2,
PNKP,,MSANTD4,
PNKP,,PNMA5,
PNKP,,PSTPIP1,
PNKP,,RPRM,
PNKP,,SFT2D1,
PNKP,,SNX2,
PNKP,,SP4,
PNKP,,SYNGR1,
PNKP,,SYP,
PNKP,,TARBP2,
PNKP,,TBC1D1,
PNKP,,THAP1,
PNKP,,TMEM239,
PNKP,,TRIM37,
PNKP,,XRCC4,
PNKP,,ZBTB14,
PNKP,,ZNF639,
PNPO,,AGTRAP,
PNPO,,LIME1,
PPFIBP2,,HSF4,
PPIL1,,COL17A1,
PPIL1,,KPRP,
PPIL1,,LHX2,
PPIL1,,N4BP2L2,
PPIL1,,POU6F2,
PPIL1,,PRR35,
PPIL1,,SNW1,
PPIL1,,SPDYE4,
PPIL1,,TCF4,
PPM1F,,KLHL8,
PPM1F,,MEOX1,
PRC1,,CINP,
PRC1,,MAT2A,
PRC1,,PKIA,
PRPSAP1,,CAPN7,
PRPSAP1,,MAGOHB,
PRPSAP1,,PRPS1,
PRPSAP1,,PRPS2,
PRPSAP1,,PRPSAP2,
PRPSAP1,,UBE2I,
PSMB11,,ATG5,
PSMB11,,HGS,
PSMB11,,PITX1,
PSMB11,,PROP1,
PSMB11,,TLX3,
PWWP2B,,ABI2,
PWWP2B,,GOLGA6L9,
PYGL,,PYGB,
PYGL,,PYGM,
RASSF2,,S100Z,
RASSF2,,STK3,
RBM38,,HNRNPH1,
RBM38,,ZC3H10,
RFC3,,ANKRD40,
RFC3,,INCA1,
RFC3,,KHDRBS2,
RFC3,,KHDRBS3,
RFC3,,RFC4,
RNASEH1,,ASPH,
RNASEH1,,EMD,
RNASEH1,,FAM3C,
RNASEH1,,NCS1,
RNASEH1,,NRM,
RNASEH1,,TMEM11,
RNF11,,FANCL,
RNF11,,QARS1,
RNF11,,UBE2D1,
RNF11,,UBE2D2,
RNF11,,UBE2D4,
RNF4,,ACTB,
RNF4,,AKAP17A,
RNF4,,ARID3C,
RNF4,,ARK2N,
RNF4,,ATF2,
RNF4,,BCL2L1,
RNF4,,BTBD1,
RNF4,,BTBD3,
RNF4,,C14orf119,
RNF4,,CAMK2B,
RNF4,,CAMK2D,
RNF4,,CCL2,
RNF4,,CFL2,
RNF4,,CREB1,
RNF4,,DAXX,
RNF4,,DDX39A,
RNF4,,DDX39B,
RNF4,,DES,
RNF4,,EHHADH,
RNF4,,ESRRA,
RNF4,,FADD,
RNF4,,FAM118A,
RNF4,,FAM9A,
RNF4,,FKBP6,
RNF4,,GMCL1,
RNF4,,HGS,
RNF4,,HNRNPC,
RNF4,,HNRNPCL1,
RNF4,,HNRNPCL2,
RNF4,,HNRNPH1,
RNF4,,HNRNPK,
RNF4,,IKZF1,
RNF4,,IMPDH1,
RNF4,,KLHL12,
RNF4,,LCE1B,
RNF4,,LCE1D,
RNF4,,LCE1E,
RNF4,,LCE1F,
RNF4,,LCE2B,
RNF4,,LCE2C,
RNF4,,LCE2D,
RNF4,,LCE3B,
RNF4,,LCE5A,
RNF4,,LXN,
RNF4,,MYD88,
RNF4,,NKX3-1,
RNF4,,NMNAT1,
RNF4,,NTAQ1,
RNF4,,NVL,
RNF4,,PAICS,
RNF4,,PCBP3,
RNF4,,PHC1,
RNF4,,PROP1,
RNF4,,PRR20D,
RNF4,,RHOXF2,
RNF4,,RUNX1T1,
RNF4,,SCML2,
RNF4,,SEPTIN3,
RNF4,,SNAPC5,
RNF4,,SOX5,
RNF4,,SSNA1,
RNF4,,STX1A,
RNF4,,STX2,
RNF4,,STX4,
RNF4,,TFG,
RNF4,,THAP1,
RNF4,,TRAF2,
RNF4,,TRAF3,
RNF4,,TRAF4,
RNF4,,TRAF5,
RNF4,,TRIM38,
RNF4,,TRIM54,
RNF4,,TRIP13,
RNF4,,UBE2I,
RNF4,,UBQLN1,
RNF4,,UBQLN2,
RNF4,,UBTD2,
RNF4,,VENTX,
RNF4,,ZBTB26,
RNF4,,ZBTB34,
RNF4,,ZBTB6,
RNF4,,ZC3H10,
RNF4,,ZCCHC17,
RNF4,,ZFP42,
RNF4,,ZNF275,
RNF4,,ZNF319,
RNF4,,ZNF696,
RNF4,,ZNF792,
RNF5,,ABHD16A,
RNF5,,ARL6IP1,
RNF5,,CYB561A3,
RNF5,,DGAT2L6,
RNF5,,FAM241B,
RNF5,,INSIG2,
RNF5,,LEPROTL1,
RNF5,,MS4A1,
RNF5,,ORMDL1,
RNF5,,ORMDL3,
RNF5,,PLP2,
RNF5,,PLPP6,
RNF5,,PRAF2,
RNF5,,RABAC1,
RNF5,,RHBDD1,
RNF5,,RUSF1,
RNF5,,SCD,
RNF5,,SLC1A1,
RNF5,,SLC35E3,
RNF5,,SLC38A7,
RNF5,,TMEM120B,
RNF5,,UBE2D1,
RNF5,,UBE2D2,
RNF5,,UBE2D3,
RNF5,,UBE2D4,
RNF5,,UBE2E3,
RNF5,,UBE2K,
RNF5,,UBTD1,
RNF5,,YIPF1,
RNF5,,YIPF2,
RNF5,,YIPF4,
RNF5,,YOD1,
RNF5,,ZDHHC24,
RWDD2A,,ARHGEF6,
RWDD2A,,MCMBP,
RWDD2A,,PSMB1,
S100A1,,BEX3,
S100A1,,S100A2,
S100A1,,S100A3,
S100A1,,S100A4,
S100A1,,S100B,
S100A1,,S100P,
S100A1,,S100Z,
SAMD11,,BPIFA1,
SAMD11,,CCHCR1,
SAMD11,,CT55,
SAMD11,,ECM1,
SAMD11,,JMJD7,
SAMD11,,KRT31,
SAMD11,,KRT34,
SAMD11,,KRTAP5-7,
SAMD11,,NFKBID,
SAMD11,,PLAGL2,
SAMD11,,PLEKHF2,
SAMD11,,PRR20D,
SAMD11,,REL,
SAMD11,,RTL8C,
SAMD11,,TRAF1,
SAMD11,,TRAF2,
SAMD11,,TRIB3,
SAMD11,,TSC1,
SAMD11,,ZMYND12,
SAR1B,,CIDEB,
SAR1B,,TMEM14B,
SARG,,HOMER1,
SARG,,HOMER3,
SAXO1,,ACTMAP,
SAXO1,,AKAP8L,
SAXO1,,ARMC7,
SAXO1,,BAG4,
SAXO1,,BEGAIN,
SAXO1,,CARD9,
SAXO1,,CDKN2D,
SAXO1,,CFAP206,
SAXO1,,CPNE7,
SAXO1,,CYSRT1,
SAXO1,,FBXO17,
SAXO1,,FHL3,
SAXO1,,FHL5,
SAXO1,,HEXIM2,
SAXO1,,HOMER3,
SAXO1,,HSF2BP,
SAXO1,,IQUB,
SAXO1,,KLHL40,
SAXO1,,LMO2,
SAXO1,,MAPK9,
SAXO1,,NEK6,
SAXO1,,NUDT22,
SAXO1,,OIP5,
SAXO1,,PFDN5,
SAXO1,,PLEKHG4,
SAXO1,,PM20D2,
SAXO1,,STK16,
SAXO1,,TNK1,
SAXO1,,TRIB3,
SAXO1,,WWOX,
SAXO1,,ZMYND12,
SAXO1,,ZMYND19,
SCHIP1,,PRPF18,
SCHIP1,,SCOC,
SCHIP1,,SMARCD1,
SEPTIN2,,ATP6V0D2,
SEPTIN2,,BAZ2B,
SEPTIN2,,SEPTIN5,
SEPTIN2,,TBC1D21,
SEPTIN2,,UBL5,
SHC3,,ANKRD10,
SHC3,,ASPG,
SHC3,,BMF,
SHC3,,CCNC,
SHC3,,CDCA4,
SHC3,,CEACAM6,
SHC3,,COPS6,
SHC3,,CT55,
SHC3,,DOK3,
SHC3,,FTO,
SHC3,,GOLGA6L9,
SHC3,,KRT31,
SHC3,,KRT33B,
SHC3,,KRT34,
SHC3,,KRT35,
SHC3,,KRT39,
SHC3,,KRT40,
SHC3,,KRT86,
SHC3,,PMF1,
SHC3,,PPP1R16B,
SHC3,,PRKAR1B,
SHC3,,PSMD8,
SHC3,,REL,
SHC3,,SMYD3,
SHC3,,STX11,
SHC3,,TRAF1,
SHC3,,TRAF2,
SHC3,,TRIM35,
SHC3,,TRIM54,
SHC3,,TSC1,
SHC3,,UBAP2,
SHC3,,USHBP1,
SHC3,,WWOX,
SHC3,,YPEL5,
SHC3,,ZMYND12,
SHF,,CHN2,
SHLD1,,QARS1,
SMAD5,,POU6F2,
SMAD5,,WBP2,
SMCP,,ALPP,
SMCP,,C14orf119,
SMCP,,CGB5,
SMCP,,CTAG2,
SMCP,,CYSRT1,
SMCP,,DYNLL1,
SMCP,,DYNLL2,
SMCP,,GRN,
SMCP,,GUCD1,
SMCP,,IGFBP6,
SMCP,,KRT31,
SMCP,,KRT34,
SMCP,,KRTAP1-1,
SMCP,,KRTAP1-3,
SMCP,,KRTAP1-5,
SMCP,,KRTAP10-11,
SMCP,,KRTAP10-7,
SMCP,,KRTAP10-8,
SMCP,,KRTAP10-9,
SMCP,,KRTAP12-1,
SMCP,,KRTAP12-4,
SMCP,,KRTAP4-1,
SMCP,,KRTAP4-11,
SMCP,,KRTAP4-12,
SMCP,,KRTAP4-4,
SMCP,,KRTAP4-5,
SMCP,,KRTAP5-11,
SMCP,,KRTAP5-2,
SMCP,,KRTAP5-3,
SMCP,,KRTAP5-4,
SMCP,,KRTAP5-6,
SMCP,,KRTAP5-9,
SMCP,,KRTAP6-3,
SMCP,,KRTAP9-2,
SMCP,,KRTAP9-3,
SMCP,,KRTAP9-8,
SMCP,,LCE1A,
SMCP,,LCE1B,
SMCP,,LCE1D,
SMCP,,LCE1E,
SMCP,,LCE1F,
SMCP,,LCE2C,
SMCP,,LCE2D,
SMCP,,LCE3A,
SMCP,,LCE3B,
SMCP,,LCE4A,
SMCP,,LCE5A,
SMCP,,MACO1,
SMCP,,MT1B,
SMCP,,MT1M,
SMCP,,NOTCH2NLC,
SMCP,,PCSK5,
SMCP,,PLEKHG4,
SMCP,,PLSCR3,
SMCP,,PPP1R27,
SMCP,,PRDX5,
SMCP,,SLC39A7,
SMCP,,SPRY1,
SMCP,,TRIM42,
SMCP,,UBL5,
SMCP,,VASN,
SMG9,,AGTRAP,
SMG9,,AK8,
SMG9,,ARFIP2,
SMG9,,CCDC57,
SMG9,,CEP76,
SMG9,,CMTM4,
SMG9,,CTAG1A,
SMG9,,DGAT2L6,
SMG9,,FNTB,
SMG9,,GOLGA2,
SMG9,,GSG1,
SMG9,,HSF2BP,
SMG9,,INCA1,
SMG9,,KRT31,
SMG9,,KRT34,
SMG9,,KRTAP10-8,
SMG9,,MTUS2,
SMG9,,NFKBID,
SMG9,,PFDN5,
SMG9,,PHF1,
SMG9,,PLEKHG4,
SMG9,,PNMA3,
SMG9,,PPP2R3C,
SMG9,,PRKAR1B,
SMG9,,RASSF10,
SMG9,,REL,
SMG9,,SLC17A9,
SMG9,,SLC50A1,
SMG9,,SYP,
SMG9,,TCF4,
SMG9,,TRAF2,
SMG9,,TRIM23,
SMG9,,TRIP6,
SMG9,,TSC1,
SMG9,,TTC19,
SMG9,,ZMYND12,
SMG9,,ZNF655,
SRGAP3,,ENKD1,
SRGAP3,,FANCL,
SRRM1,,SRRM4,
STK40,,SLIRP,
SUB1,,SDCBP,
SUMO1,,ARK2N,
SUMO1,,ATF2,
SUMO1,,BTBD3,
SUMO1,,HNRNPC,
SUMO1,,PIAS2,
SUMO1,,PROP1,
SUMO1,,RAD54L2,
SUMO1,,SENP1,
SUMO1,,SP100,
SUMO1,,TRAF2,
SUMO1,,TRAF5,
SUMO1,,UBA2,
SUMO1,,UBE2I,
SUMO1,,ZBTB2,
SUMO1,,ZBTB26,
SUMO1,,ZCCHC7,
SUMO1,,ZFP42,
SYNGAP1,,EFHC1,
SYNGAP1,,GUCD1,
SYNGAP1,,HSF2BP,
SYNGAP1,,MID2,
SYNGAP1,,MKRN3,
SYNGAP1,,NCK2,
SYNGAP1,,NTAQ1,
SYNGAP1,,SPAG8,
SYNGAP1,,SUOX,
SYNGAP1,,TLX3,
SYNGAP1,,TSSK3,
SYNGAP1,,VENTX,
SYNGR3,,ACSF2,
SYNGR3,,ARFIP1,
SYNGR3,,EHHADH,
SYNGR3,,GAD2,
SYNGR3,,HSBP1L1,
SYNGR3,,MIDN,
SYNGR3,,MPP1,
SYNGR3,,NDRG4,
SYNGR3,,PLIN3,
SYNGR3,,SH3GLB1,
SYNGR3,,SPG21,
SYNGR3,,TTPA,
SYT16,,AGTRAP,
SYT16,,APOC1,
SYT16,,APOC4,
SYT16,,C10orf67,
SYT16,,CMTM5,
SYT16,,CYSTM1,
SYT16,,DERL3,
SYT16,,FGF14,
SYT16,,GSG1,
SYT16,,HIGD1C,
SYT16,,LDAF1,
SYT16,,MPC2,
SYT16,,MTFR1,
SYT16,,PLEKHF2,
SYT16,,RABAC1,
SYT16,,REEP6,
SYT16,,RER1,
SYT16,,RHBDD2,
SYT16,,RPRM,
SYT16,,SDR16C5,
SYT16,,SFT2D1,
SYT16,,TMEM239,
SYT16,,TVP23B,
TAPBPL,,CYSRT1,
TAPBPL,,KRT31,
TAPBPL,,KRT34,
TAPBPL,,KRT35,
TAPBPL,,KRTAP10-8,
TAPBPL,,NOTCH2NLC,
TAPBPL,,PM20D2,
TAPBPL,,TCF4,
TAPBPL,,TEPSIN,
TAT,,UBE3A,
TBCCD1,,LURAP1L,
TEKTL1,,MAGEA11,
TEKTL1,,MESD,
TFAP2A,,GSTO2,
TFAP2A,,INCA1,
TFCP2,,ACAA1,
TFCP2,,DNAJC27,
TFCP2,,HAPLN2,
TFCP2,,NHSL2,
TFCP2,,YJU2,
THAP10,,DYNLL1,
THAP10,,NME7,
THAP10,,PLEKHF2,
THAP10,,PSME3,
THOC7,,CCDC146,
THOC7,,MNS1,
THOC7,,NDC80,
THOC7,,SMARCD1,
THSD7A,,AQP6,
THSD7A,,ARL13B,
THSD7A,,CD33,
THSD7A,,COMT,
THSD7A,,ELOVL5,
THSD7A,,GOLM1,
THSD7A,,HSD17B13,
THSD7A,,LHFPL1,
THSD7A,,LYVE1,
THSD7A,,SCN3B,
THSD7A,,TMUB2,
THSD7A,,VMA21,
TMEM106A,,ENTPD3,
TMEM106A,,ERG28,
TMEM106A,,GJB2,
TMEM106A,,GOSR2,
TMEM106A,,IGFBP5,
TMEM106A,,TMEM106C,
TMEM106A,,TMEM107,
TMEM106A,,TMEM128,
TMEM106A,,TMEM86B,
TMEM106A,,TNMD,
TMEM106A,,TSPAN4,
TMEM143,,ABHD16A,
TMEM143,,AQP6,
TMEM143,,DGAT2L6,
TMEM143,,DHRSX,
TMEM143,,LIME1,
TMEM143,,LSMEM2,
TMEM143,,NAT8,
TMEM143,,ORMDL1,
TMEM143,,REEP6,
TMEM143,,SFT2D2,
TMEM143,,SLC10A6,
TMEM143,,TMEM120B,
TMEM143,,YIPF2,
TMEM187,,ARL13B,
TMEM187,,CD79A,
TMEM187,,CGRRF1,
TMEM187,,CISD2,
TMEM187,,COMT,
TMEM187,,FAM210B,
TMEM187,,GORAB,
TMEM187,,LEUTX,
TMEM187,,MUC1,
TMEM187,,PGRMC2,
TMEM187,,SAR1A,
TMEM187,,SPAG4,
TMEM187,,TAS2R5,
TMEM187,,TMEM14B,
TMEM234,,AQP6,
TMEM234,,BRICD5,
TMEM234,,CXCL9,
TMEM234,,FAM241B,
TMEM234,,SLC10A1,
TMEM234,,SLC10A6,
TMEM234,,SLC34A3,
TMEM234,,SLC35E3,
TMEM234,,SMAGP,
TMEM234,,TMEM107,
TMEM234,,TMEM203,
TMEM234,,TMEM218,
TMEM234,,UNC50,
TMEM234,,VTI1B,
TMEM242,,AQP6,
TMEM242,,ATP6V0B,
TMEM242,,BCL2L13,
TMEM242,,CNR2,
TMEM242,,CYB561,
TMEM242,,EBP,
TMEM242,,ELOVL4,
TMEM242,,GGT7,
TMEM242,,GHITM,
TMEM242,,GJA8,
TMEM242,,GOLT1A,
TMEM242,,GPR42,
TMEM242,,GRINA,
TMEM242,,HSD17B11,
TMEM242,,IL10RA,
TMEM242,,JAGN1,
TMEM242,,MFSD2A,
TMEM242,,MFSD6,
TMEM242,,MSMO1,
TMEM242,,MTIF3,
TMEM242,,NDUFA3,
TMEM242,,PLP1,
TMEM242,,SGPL1,
TMEM242,,SLC10A1,
TMEM242,,SLC10A6,
TMEM242,,SLC19A3,
TMEM242,,SLC30A3,
TMEM242,,SYNJ2BP,
TMEM242,,TMBIM1,
TMEM242,,TMEM179B,
TMEM242,,TMEM51,
TMEM80,,ADGRE2,
TMEM80,,AIG1,
TMEM80,,AQP1,
TMEM80,,ARL6IP6,
TMEM80,,BET1,
TMEM80,,BIK,
TMEM80,,C11orf24,
TMEM80,,C5orf46,
TMEM80,,CCDC167,
TMEM80,,CD63,
TMEM80,,CLDN11,
TMEM80,,CLDN19,
TMEM80,,CLDN8,
TMEM80,,CLDND2,
TMEM80,,CLEC2D,
TMEM80,,CMTM5,
TMEM80,,CNIH3,
TMEM80,,COL4A5,
TMEM80,,CXCR2,
TMEM80,,CYBC1,
TMEM80,,DOLK,
TMEM80,,EMD,
TMEM80,,ERMP1,
TMEM80,,FAM20B,
TMEM80,,FAM3C,
TMEM80,,FKBP8,
TMEM80,,FXYD3,
TMEM80,,GPR37L1,
TMEM80,,IER3IP1,
TMEM80,,LAT,
TMEM80,,LSMEM1,
TMEM80,,MALL,
TMEM80,,MRAP2,
TMEM80,,NKG7,
TMEM80,,NRAC,
TMEM80,,PMP22,
TMEM80,,PRB1,
TMEM80,,PTPN9,
TMEM80,,PTPRN,
TMEM80,,RPRM,
TMEM80,,SERP2,
TMEM80,,SLC30A8,
TMEM80,,SLC66A2,
TMEM80,,SMAGP,
TMEM80,,SMCO4,
TMEM80,,STATH,
TMEM80,,STX7,
TMEM80,,SYNGR1,
TMEM80,,TLCD1,
TMEM80,,TMEM100,
TMEM80,,TMEM107,
TMEM80,,TMEM109,
TMEM80,,TMEM120B,
TMEM80,,TMEM128,
TMEM80,,TMEM14A,
TMEM80,,TMEM243,
TMEM80,,TMEM65,
TMEM80,,TNFRSF10C,
TMEM80,,TSPAN1,
TMEM80,,TSPO2,
TMEM80,,TTMP,
TMEM80,,TUSC5,
TMEM80,,TVP23B,
TMEM80,,VKORC1L1,
TMEM98,,ATP1B3,
TMEM98,,GJB1,
TMEM98,,GOLM1,
TMEM98,,MUC1,
TMEM98,,STOM,
TMEM98,,SUSD3,
TRDN,,KCNE4,
TRDN,,PPIB,
TRDN,,PTPRN,
TRIM27,,ACSF3,
TRIM27,,AP1M1,
TRIM27,,ARHGEF3,
TRIM27,,ARHGEF5,
TRIM27,,ARID5A,
TRIM27,,ARMC7,
TRIM27,,ATOSB,
TRIM27,,BABAM1,
TRIM27,,BAG3,
TRIM27,,BAG5,
TRIM27,,BMP7,
TRIM27,,BYSL,
TRIM27,,CAPN7,
TRIM27,,CARD10,
TRIM27,,CATSPER1,
TRIM27,,CCDC102B,
TRIM27,,CCDC185,
TRIM27,,CDC20B,
TRIM27,,CDC7,
TRIM27,,CDKL3,
TRIM27,,CFAP206,
TRIM27,,CIMIP4,
TRIM27,,CNNM3,
TRIM27,,COX5B,
TRIM27,,CPNE2,
TRIM27,,CPNE7,
TRIM27,,CREB5,
TRIM27,,CWF19L2,
TRIM27,,DBF4B,
TRIM27,,DDX6,
TRIM27,,DMRT3,
TRIM27,,DTNB,
TRIM27,,EHHADH,
TRIM27,,EIF3D,
TRIM27,,EIF4A3,
TRIM27,,ENKD1,
TRIM27,,ERCC3,
TRIM27,,FAM161A,
TRIM27,,FAM90A1,
TRIM27,,FASTKD5,
TRIM27,,FBXW5,
TRIM27,,GADD45GIP1,
TRIM27,,GAS2L2,
TRIM27,,GEM,
TRIM27,,GNE,
TRIM27,,GNPDA2,
TRIM27,,GPANK1,
TRIM27,,GPKOW,
TRIM27,,GRB14,
TRIM27,,GSE1,
TRIM27,,HAPLN2,
TRIM27,,HCK,
TRIM27,,HGS,
TRIM27,,HIP1R,
TRIM27,,HOXB5,
TRIM27,,HOXB9,
TRIM27,,HOXC8,
TRIM27,,IGFN1,
TRIM27,,IL16,
TRIM27,,ILF2,
TRIM27,,INO80B,
TRIM27,,IP6K3,
TRIM27,,KAT14,
TRIM27,,KCTD9,
TRIM27,,KRT3,
TRIM27,,KRT75,
TRIM27,,KRT76,
TRIM27,,LAGE3,
TRIM27,,LGALS14,
TRIM27,,LMNB2,
TRIM27,,LMO4,
TRIM27,,LNX1,
TRIM27,,LONRF1,
TRIM27,,MAGOHB,
TRIM27,,MGC50722,
TRIM27,,MSRB1,
TRIM27,,MYO15B,
TRIM27,,NCK2,
TRIM27,,NCOA1,
TRIM27,,NDEL1,
TRIM27,,NEIL2,
TRIM27,,NEK6,
TRIM27,,NIF3L1,
TRIM27,,NR1D2,
TRIM27,,NTAQ1,
TRIM27,,NUDT21,
TRIM27,,OAS1,
TRIM27,,P2RX7,
TRIM27,,PIBF1,
TRIM27,,PIN1,
TRIM27,,PKN1,
TRIM27,,POLE2,
TRIM27,,POLR3C,
TRIM27,,POM121,
TRIM27,,PPP1R18,
TRIM27,,PRPF18,
TRIM27,,PRR35,
TRIM27,,PSMA1,
TRIM27,,PSMB1,
TRIM27,,PSMB3,
TRIM27,,PUS7L,
TRIM27,,QARS1,
TRIM27,,RAB29,
TRIM27,,RIN1,
TRIM27,,RSPH14,
TRIM27,,SCNM1,
TRIM27,,SMARCD1,
TRIM27,,SNRPA,
TRIM27,,SNRPB2,
TRIM27,,SPATC1L,
TRIM27,,STAMBPL1,
TRIM27,,SYT17,
TRIM27,,SYT6,
TRIM27,,TACO1,
TRIM27,,TCEA2,
TRIM27,,TCEANC,
TRIM27,,TEAD4,
TRIM27,,THOC1,
TRIM27,,TNS4,
TRIM27,,TRAF4,
TRIM27,,TRIM50,
TRIM27,,UBASH3A,
TRIM27,,UBE2K,
TRIM27,,USP2,
TRIM27,,UTP14C,
TRIM27,,VEZF1,
TRIM27,,VPS25,
TRIM27,,VPS9D1,
TRIM27,,XPA,
TRIM27,,ZFHX3,
TRIM27,,ZNF414,
TRIM27,,ZNF417,
TRIM27,,ZNF580,
TRIM27,,ZNF581,
TRIM27,,ZNF587,
TRIM59,,ANKRD33,
TRIM59,,BLZF1,
TRIM59,,CLDN4,
TRIM59,,EIF2B1,
TRIM59,,KRTAP13-3,
TRIM59,,MEI4,
TRIM59,,MRPL12,
TRIM59,,NECAB2,
TRIM59,,NRM,
TRIM59,,PLLP,
TRIM59,,RASSF3,
TRIM59,,SEC22A,
TRIM59,,SNAP47,
TRIM59,,UBE2J2,
TRIM59,,UBE2W,
TRIM59,,VTI1B,
TRIM59,,ZDHHC21,
TSG101,,AJUBA,
TSG101,,BAG4,
TSG101,,BRPF3,
TSG101,,CAGE1,
TSG101,,CBY1,
TSG101,,CCDC88B,
TSG101,,CCHCR1,
TSG101,,CEP55,
TSG101,,CEP63,
TSG101,,FAM110A,
TSG101,,GOLM1,
TSG101,,HAUS1,
TSG101,,HSH2D,
TSG101,,INCA1,
TSG101,,KIAA1328,
TSG101,,KRT16,
TSG101,,KRT18,
TSG101,,KRT31,
TSG101,,KRT34,
TSG101,,KRT35,
TSG101,,KRT75,
TSG101,,LCN2,
TSG101,,LENG8,
TSG101,,LNX1,
TSG101,,LRSAM1,
TSG101,,MZB1,
TSG101,,PDLIM7,
TSG101,,PKNOX2,
TSG101,,PPP1R13B,
TSG101,,SCARA5,
TSG101,,SNAPIN,
TSG101,,SYCE1,
TSG101,,TAX1BP1,
TSG101,,TFIP11,
TSG101,,TRIM54,
TSG101,,TRIML2,
TSG101,,VPS37A,
TSG101,,VPS37B,
TSG101,,VPS37C,
TSG101,,ZWINT,
TSPAN18,,CD151,
TSPAN18,,CXCL9,
TSPAN18,,GIMAP5,
TSPAN18,,GRM2,
TSPAN18,,IL1RL1,
TSPAN18,,OLFM4,
TSPAN18,,TMCO5A,
TSPAN18,,TMEM120A,
TSPAN18,,TMEM218,
UBE2E2,,ARRDC3,
UBE2E2,,CHFR,
UBE2E2,,CUEDC1,
UBE2E2,,MID1,
UBE2E2,,MID2,
UBE2E2,,OTUB1,
UBE2E2,,PGPEP1,
UBE2E2,,RNF115,
UBE2E2,,RNF185,
UBE2E2,,RNF2,
UBE2E2,,TRIM3,
UBE2E2,,TRIM39,
UBE2E2,,TRIM50,
UBE2E2,,WWP2,
UBE2R2,,GSC2,
UBE2R2,,MEOX1,
UBE2R2,,SDCBP,
UBXN4,,GNGT1,
UBXN4,,UBQLN1,
UPK1B,,BEST2,
UPK1B,,CD53,
UPK1B,,CD69,
UPK1B,,CERS4,
UPK1B,,CLDN7,
UPK1B,,DAGLA,
UPK1B,,EDAR,
UPK1B,,FAM209A,
UPK1B,,FFAR2,
UPK1B,,FKBP7,
UPK1B,,FNDC9,
UPK1B,,GJA8,
UPK1B,,GJB1,
UPK1B,,GPR161,
UPK1B,,GPR37L1,
UPK1B,,GPX8,
UPK1B,,ISLR2,
UPK1B,,ITGB2,
UPK1B,,KASH5,
UPK1B,,KCNJ6,
UPK1B,,KIR2DL3,
UPK1B,,KLRC1,
UPK1B,,MFF,
UPK1B,,MS4A4A,
UPK1B,,NEMP1,
UPK1B,,PDZK1IP1,
UPK1B,,PIK3IP1,
UPK1B,,PLPP4,
UPK1B,,RHCG,
UPK1B,,SAR1A,
UPK1B,,SDHAF4,
UPK1B,,SHISA4,
UPK1B,,SIT1,
UPK1B,,SLC10A2,
UPK1B,,SLC35C2,
UPK1B,,SLC39A2,
UPK1B,,SPINT1,
UPK1B,,SSMEM1,
UPK1B,,STX1A,
UPK1B,,SYT9,
UPK1B,,TMEM139,
UPK1B,,TMEM237,
UPK1B,,TMEM262,
UPK1B,,TMEM45B,
UPK1B,,TMEM54,
UPK1B,,TMEM91,
UPK1B,,TMUB2,
UPK1B,,VSIG1,
UQCRB,,ACAP1,
UQCRB,,HPCA,
UQCRB,,MAGEA4,
UQCRB,,MAGEB4,
UQCRB,,ZSWIM7,
USP54,,ANKRD11,
USP54,,ANKS1A,
USP54,,ARMC7,
USP54,,ATXN1,
USP54,,ATXN1L,
USP54,,BHLHE40,
USP54,,CARD10,
USP54,,CCDC13,
USP54,,CCDC24,
USP54,,CCNK,
USP54,,CDC23,
USP54,,CSTF2,
USP54,,CYSRT1,
USP54,,DMRT3,
USP54,,DOK6,
USP54,,DTX2,
USP54,,EPM2AIP1,
USP54,,FAM124B,
USP54,,FBXO17,
USP54,,FNDC3B,
USP54,,FOXI1,
USP54,,GCM2,
USP54,,HGS,
USP54,,HNF1B,
USP54,,HNRNPF,
USP54,,HOXC8,
USP54,,IGFN1,
USP54,,INSC,
USP54,,KCTD9,
USP54,,LMO3,
USP54,,LNX1,
USP54,,MED25,
USP54,,MID2,
USP54,,NUDT22,
USP54,,OIP5,
USP54,,OTX1,
USP54,,PCSK5,
USP54,,PHF1,
USP54,,PLA2G6,
USP54,,PLEKHN1,
USP54,,PRDM6,
USP54,,PRKAB2,
USP54,,PRR35,
USP54,,QRICH1,
USP54,,RACK1,
USP54,,RAMAC,
USP54,,RBPMS2,
USP54,,RHOBTB3,
USP54,,RNF208,
USP54,,SEC24A,
USP54,,SHARPIN,
USP54,,SMARCD1,
USP54,,SMYD1,
USP54,,SNRPB,
USP54,,SS18L1,
USP54,,STK16,
USP54,,TBX6,
USP54,,TCEA2,
USP54,,TEKT5,
USP54,,TENT5B,
USP54,,TFAP2D,
USP54,,TLE5,
USP54,,TNS2,
USP54,,TOLLIP,
USP54,,TSEN15,
USP54,,TSSK3,
USP54,,TTC19,
USP54,,USP2,
USP54,,VENTX,
USP54,,ZCCHC14,
USP54,,ZNF148,
USP54,,ZNF76,
VIRMA,,HBM,
VPS26B,,NPLOC4,
VPS26B,,VPS35,
VTA1,,CCNC,
VTA1,,CHMP1A,
VTA1,,CHMP1B,
VTA1,,TEAD4,
VTA1,,ZBTB16,
WDR5,,ANAPC2,
WDR5,,BBC3,
WDR5,,FAM199X,
WDR5,,HSF2,
WDR5,,MARF1,
WDR5,,MBIP,
WDR5,,MDM4,
WDR5,,MEOX2,
WDR5,,NR2E3,
WDR5,,PDE9A,
WDR5,,SRRM4,
WDR5,,WWP2,
WDR5,,ZBTB48,
WDR5,,ZXDC,
WFDC13,,MEOX2,
WFDC2,,ARL13B,
WFDC2,,CD79A,
WFDC2,,COQ9,
WFDC2,,CPLX4,
WFDC2,,CREB3L1,
WFDC2,,CYB5R3,
WFDC2,,FAM209A,
WFDC2,,FKBP7,
WFDC2,,GORAB,
WFDC2,,PANX1,
WFDC2,,SLC22A23,
WFDC2,,STOM,
WFDC2,,TMX2,
WIPF2,,SORBS3,
WIPF2,,TVP23A,
WIPF2,,WASL,
WNK1,,FHL3,
YAF2,,ANP32B,
YAF2,,CAVIN1,
YAF2,,CD300LF,
YAF2,,DNAAF6,
YAF2,,EAF1,
YAF2,,IFT57,
YAF2,,INO80B,
YAF2,,LGALS7,
YAF2,,MAPRE3,
YAF2,,MARK1,
YAF2,,NUTF2,
YAF2,,PCDH17,
YAF2,,POLR3GL,
YAF2,,PPP1R11,
YAF2,,RING1,
YAF2,,RNF2,
YAF2,,SPANXN2,
YAF2,,SPANXN3,
YIF1B,,LXN,
YIPF3,,INCA1,
YIPF3,,KRTAP1-3,
YIPF3,,KRTAP10-9,
YIPF3,,KRTAP11-1,
YIPF3,,KRTAP12-2,
YIPF3,,KRTAP3-2,
YIPF3,,KRTAP9-8,
YIPF3,,TRIM42,
YIPF3,,YIPF4,
ZDHHC22,,CD79A,
ZDHHC22,,CLEC4D,
ZDHHC22,,CLSTN3,
ZDHHC22,,CREB3L1,
ZDHHC22,,FCRL2,
ZDHHC22,,FNDC9,
ZDHHC22,,GPX8,
ZDHHC22,,LDLRAD4,
ZDHHC22,,PVR,
ZDHHC22,,RPRM,
ZDHHC22,,TMEM14B,
ZDHHC22,,TMEM86B,
ZDHHC22,,TMEM88,
ZNF385C,,BOLL,
ZNF385C,,PRR20D,
ZNF385C,,RBM47,
ZNF385C,,RBPMS2,
ZNF385C,,SRSF11,
ZNF385C,,THAP1,
ZNF692,,KAT5,
ZNF763,,GADD45G,
ZNF763,,SUFU,
ZNF775,,CARD10,
ZNF775,,CEP70,
ZNF775,,CYSRT1,
ZNF775,,DVL3,
ZNF775,,FAM9A,
ZNF775,,KRTAP10-8,
ZNF775,,MTUS2,
ZNF775,,TSPYL2,
ZNF775,,ZRANB1,
ZNF786,,CCNDBP1,
ZNF786,,CYSRT1,
ZNF786,,KRTAP1-1,
ZNF786,,KRTAP1-3,
ZNF786,,KRTAP10-7,
ZNF786,,KRTAP10-8,
ZNF786,,MDFI,
ZNF786,,NOTCH2NLC,
ZNF79,,FGF12,
ZNF79,,KRT34,
ZNF79,,KRTAP10-8,
ZNF79,,KRTAP6-3,
ZNF79,,YJU2B,
ZNF79,,ZBTB24,
